mgrb_entity_id,actor_type,source_actor_type,attempted,successfully_searched,query_method,query_value,executed_interface,online_api_status,gfw_vessel_id,gfw_identity_key,gfw_reported_name,gfw_reported_imo,gfw_reported_mmsi,gfw_reported_callsign,flag,vessel_class_or_type,first_available_date,last_available_date,match_status,match_confidence,resolution_status,match_scope,candidate_count,existing_census_source_ids,identifier_snowball_status,identifier_snowball_notes,discrepancy_notes
AMTI-MM-001,MARITIME_MILITIA,MILITIA;FISHING,YES,YES,MMSI,412524861,GFW_FISHING_VESSELS_V3_BULK,AUTH_BLOCKED_HTTP_401,,,,,,,,,,,NO_MATCH,,NO_IDENTITY_MATCH,GFW_FISHING_VESSELS_V3_BULK_ONLY,0,amti_hainan_militia,NOT_APPLICABLE_NO_STRONG_GFW_MATCH,Snowballing is required only for a strong/exact GFW match.,No exact MMSI match in the tested Fishing vessels v3 archive; this is not a global GFW no-match because online Vessel Search was token-blocked.
AMTI-MM-002,MARITIME_MILITIA,MILITIA;FISHING,YES,YES,MMSI,412520361,GFW_FISHING_VESSELS_V3_BULK,AUTH_BLOCKED_HTTP_401,,mmsi:412520361,,,412520361,,CHN,fishing,2018-01-01,2024-12-31,EXACT_IDENTIFIER,1.0,IDENTITY_MATCH_NO_TRACK,GFW_FISHING_VESSELS_V3_BULK_ONLY,1,amti_hainan_militia,CHECKED_NO_MATERIALLY_NEW_SOURCE_LINK,Exact MMSI/name checked against the existing R3 crosswalk source-link inventory; the AMTI source link was already present and no new existing census repository link was established.,"Exact MMSI match in GFW Fishing vessels v3 bulk archive. The archive has annual identity/activity summaries, no GFW internal vessel ID and no positions. Online Vessel Search remained token-blocked."
AMTI-MM-003,MARITIME_MILITIA,MILITIA;FISHING,YES,YES,MMSI,412524864,GFW_FISHING_VESSELS_V3_BULK,AUTH_BLOCKED_HTTP_401,,,,,,,,,,,NO_MATCH,,NO_IDENTITY_MATCH,GFW_FISHING_VESSELS_V3_BULK_ONLY,0,amti_hainan_militia,NOT_APPLICABLE_NO_STRONG_GFW_MATCH,Snowballing is required only for a strong/exact GFW match.,No exact MMSI match in the tested Fishing vessels v3 archive; this is not a global GFW no-match because online Vessel Search was token-blocked.
AMTI-MM-004,MARITIME_MILITIA,MILITIA;FISHING,YES,YES,MMSI,412524858,GFW_FISHING_VESSELS_V3_BULK,AUTH_BLOCKED_HTTP_401,,,,,,,,,,,NO_MATCH,,NO_IDENTITY_MATCH,GFW_FISHING_VESSELS_V3_BULK_ONLY,0,amti_hainan_militia,NOT_APPLICABLE_NO_STRONG_GFW_MATCH,Snowballing is required only for a strong/exact GFW match.,No exact MMSI match in the tested Fishing vessels v3 archive; this is not a global GFW no-match because online Vessel Search was token-blocked.
AMTI-MM-005,MARITIME_MILITIA,MILITIA;FISHING,YES,YES,MMSI,412520251,GFW_FISHING_VESSELS_V3_BULK,AUTH_BLOCKED_HTTP_401,,mmsi:412520251,,,412520251,,CHN,fishing,2022-01-01,2024-12-31,EXACT_IDENTIFIER,1.0,IDENTITY_MATCH_NO_TRACK,GFW_FISHING_VESSELS_V3_BULK_ONLY,1,amti_hainan_militia,CHECKED_NO_MATERIALLY_NEW_SOURCE_LINK,Exact MMSI/name checked against the existing R3 crosswalk source-link inventory; the AMTI source link was already present and no new existing census repository link was established.,"Exact MMSI match in GFW Fishing vessels v3 bulk archive. The archive has annual identity/activity summaries, no GFW internal vessel ID and no positions. Online Vessel Search remained token-blocked."
AMTI-MM-006,MARITIME_MILITIA,MILITIA;FISHING,YES,YES,MMSI,412520252,GFW_FISHING_VESSELS_V3_BULK,AUTH_BLOCKED_HTTP_401,,,,,,,,,,,NO_MATCH,,NO_IDENTITY_MATCH,GFW_FISHING_VESSELS_V3_BULK_ONLY,0,amti_hainan_militia,NOT_APPLICABLE_NO_STRONG_GFW_MATCH,Snowballing is required only for a strong/exact GFW match.,No exact MMSI match in the tested Fishing vessels v3 archive; this is not a global GFW no-match because online Vessel Search was token-blocked.
AMTI-MM-007,MARITIME_MILITIA,MILITIA;FISHING,YES,YES,MMSI,412524877,GFW_FISHING_VESSELS_V3_BULK,AUTH_BLOCKED_HTTP_401,,,,,,,,,,,NO_MATCH,,NO_IDENTITY_MATCH,GFW_FISHING_VESSELS_V3_BULK_ONLY,0,amti_hainan_militia,NOT_APPLICABLE_NO_STRONG_GFW_MATCH,Snowballing is required only for a strong/exact GFW match.,No exact MMSI match in the tested Fishing vessels v3 archive; this is not a global GFW no-match because online Vessel Search was token-blocked.
AMTI-MM-008,MARITIME_MILITIA,MILITIA;FISHING,YES,NO,NAME,Qiong Qionghai Yu 1101,GFW_FISHING_VESSELS_V3_BULK,AUTH_BLOCKED_HTTP_401,,,,,,,,,,,NO_MATCH,,NOT_TESTED,GFW_FISHING_VESSELS_V3_BULK_ONLY,0,amti_hainan_militia,NOT_APPLICABLE_NO_STRONG_GFW_MATCH,Snowballing is required only for a strong/exact GFW match.,Strongest documented online query was prepared but not executed because the Vessel Search API returned HTTP 401 without an owner-supplied token; the public bulk archive cannot search this identifier type.
AMTI-MM-009,MARITIME_MILITIA,MILITIA;FISHING,YES,YES,MMSI,412520141,GFW_FISHING_VESSELS_V3_BULK,AUTH_BLOCKED_HTTP_401,,,,,,,,,,,NO_MATCH,,NO_IDENTITY_MATCH,GFW_FISHING_VESSELS_V3_BULK_ONLY,0,amti_hainan_militia,NOT_APPLICABLE_NO_STRONG_GFW_MATCH,Snowballing is required only for a strong/exact GFW match.,No exact MMSI match in the tested Fishing vessels v3 archive; this is not a global GFW no-match because online Vessel Search was token-blocked.
AMTI-MM-010,MARITIME_MILITIA,MILITIA;FISHING,YES,YES,MMSI,412520142,GFW_FISHING_VESSELS_V3_BULK,AUTH_BLOCKED_HTTP_401,,,,,,,,,,,NO_MATCH,,NO_IDENTITY_MATCH,GFW_FISHING_VESSELS_V3_BULK_ONLY,0,amti_hainan_militia,NOT_APPLICABLE_NO_STRONG_GFW_MATCH,Snowballing is required only for a strong/exact GFW match.,No exact MMSI match in the tested Fishing vessels v3 archive; this is not a global GFW no-match because online Vessel Search was token-blocked.
AMTI-MM-011,MARITIME_MILITIA,MILITIA;FISHING,YES,YES,MMSI,412520143,GFW_FISHING_VESSELS_V3_BULK,AUTH_BLOCKED_HTTP_401,,,,,,,,,,,NO_MATCH,,NO_IDENTITY_MATCH,GFW_FISHING_VESSELS_V3_BULK_ONLY,0,amti_hainan_militia,NOT_APPLICABLE_NO_STRONG_GFW_MATCH,Snowballing is required only for a strong/exact GFW match.,No exact MMSI match in the tested Fishing vessels v3 archive; this is not a global GFW no-match because online Vessel Search was token-blocked.
AMTI-MM-012,MARITIME_MILITIA,MILITIA;FISHING,YES,YES,MMSI,412520144,GFW_FISHING_VESSELS_V3_BULK,AUTH_BLOCKED_HTTP_401,,,,,,,,,,,NO_MATCH,,NO_IDENTITY_MATCH,GFW_FISHING_VESSELS_V3_BULK_ONLY,0,amti_hainan_militia,NOT_APPLICABLE_NO_STRONG_GFW_MATCH,Snowballing is required only for a strong/exact GFW match.,No exact MMSI match in the tested Fishing vessels v3 archive; this is not a global GFW no-match because online Vessel Search was token-blocked.
AMTI-MM-013,MARITIME_MILITIA,MILITIA;FISHING,YES,YES,MMSI,412520003,GFW_FISHING_VESSELS_V3_BULK,AUTH_BLOCKED_HTTP_401,,,,,,,,,,,NO_MATCH,,NO_IDENTITY_MATCH,GFW_FISHING_VESSELS_V3_BULK_ONLY,0,amti_hainan_militia,NOT_APPLICABLE_NO_STRONG_GFW_MATCH,Snowballing is required only for a strong/exact GFW match.,No exact MMSI match in the tested Fishing vessels v3 archive; this is not a global GFW no-match because online Vessel Search was token-blocked.
AMTI-MM-014,MARITIME_MILITIA,MILITIA;FISHING,YES,YES,MMSI,412520145,GFW_FISHING_VESSELS_V3_BULK,AUTH_BLOCKED_HTTP_401,,,,,,,,,,,NO_MATCH,,NO_IDENTITY_MATCH,GFW_FISHING_VESSELS_V3_BULK_ONLY,0,amti_hainan_militia,NOT_APPLICABLE_NO_STRONG_GFW_MATCH,Snowballing is required only for a strong/exact GFW match.,No exact MMSI match in the tested Fishing vessels v3 archive; this is not a global GFW no-match because online Vessel Search was token-blocked.
AMTI-MM-015,MARITIME_MILITIA,MILITIA;FISHING,YES,YES,MMSI,412550004,GFW_FISHING_VESSELS_V3_BULK,AUTH_BLOCKED_HTTP_401,,,,,,,,,,,NO_MATCH,,NO_IDENTITY_MATCH,GFW_FISHING_VESSELS_V3_BULK_ONLY,0,amti_hainan_militia,NOT_APPLICABLE_NO_STRONG_GFW_MATCH,Snowballing is required only for a strong/exact GFW match.,No exact MMSI match in the tested Fishing vessels v3 archive; this is not a global GFW no-match because online Vessel Search was token-blocked.
AMTI-MM-016,MARITIME_MILITIA,MILITIA;FISHING,YES,YES,MMSI,412520146,GFW_FISHING_VESSELS_V3_BULK,AUTH_BLOCKED_HTTP_401,,,,,,,,,,,NO_MATCH,,NO_IDENTITY_MATCH,GFW_FISHING_VESSELS_V3_BULK_ONLY,0,amti_hainan_militia,NOT_APPLICABLE_NO_STRONG_GFW_MATCH,Snowballing is required only for a strong/exact GFW match.,No exact MMSI match in the tested Fishing vessels v3 archive; this is not a global GFW no-match because online Vessel Search was token-blocked.
AMTI-MM-017,MARITIME_MILITIA,MILITIA;FISHING,YES,YES,MMSI,412520149,GFW_FISHING_VESSELS_V3_BULK,AUTH_BLOCKED_HTTP_401,,,,,,,,,,,NO_MATCH,,NO_IDENTITY_MATCH,GFW_FISHING_VESSELS_V3_BULK_ONLY,0,amti_hainan_militia,NOT_APPLICABLE_NO_STRONG_GFW_MATCH,Snowballing is required only for a strong/exact GFW match.,No exact MMSI match in the tested Fishing vessels v3 archive; this is not a global GFW no-match because online Vessel Search was token-blocked.
AMTI-MM-018,MARITIME_MILITIA,MILITIA;FISHING,YES,YES,MMSI,412520151,GFW_FISHING_VESSELS_V3_BULK,AUTH_BLOCKED_HTTP_401,,,,,,,,,,,NO_MATCH,,NO_IDENTITY_MATCH,GFW_FISHING_VESSELS_V3_BULK_ONLY,0,amti_hainan_militia,NOT_APPLICABLE_NO_STRONG_GFW_MATCH,Snowballing is required only for a strong/exact GFW match.,No exact MMSI match in the tested Fishing vessels v3 archive; this is not a global GFW no-match because online Vessel Search was token-blocked.
AMTI-MM-019,MARITIME_MILITIA,MILITIA;FISHING,YES,YES,MMSI,412520152,GFW_FISHING_VESSELS_V3_BULK,AUTH_BLOCKED_HTTP_401,,,,,,,,,,,NO_MATCH,,NO_IDENTITY_MATCH,GFW_FISHING_VESSELS_V3_BULK_ONLY,0,amti_hainan_militia,NOT_APPLICABLE_NO_STRONG_GFW_MATCH,Snowballing is required only for a strong/exact GFW match.,No exact MMSI match in the tested Fishing vessels v3 archive; this is not a global GFW no-match because online Vessel Search was token-blocked.
AMTI-MM-020,MARITIME_MILITIA,MILITIA;FISHING,YES,YES,MMSI,412520154,GFW_FISHING_VESSELS_V3_BULK,AUTH_BLOCKED_HTTP_401,,,,,,,,,,,NO_MATCH,,NO_IDENTITY_MATCH,GFW_FISHING_VESSELS_V3_BULK_ONLY,0,amti_hainan_militia,NOT_APPLICABLE_NO_STRONG_GFW_MATCH,Snowballing is required only for a strong/exact GFW match.,No exact MMSI match in the tested Fishing vessels v3 archive; this is not a global GFW no-match because online Vessel Search was token-blocked.
AMTI-MM-021,MARITIME_MILITIA,MILITIA;FISHING,YES,YES,MMSI,412520155,GFW_FISHING_VESSELS_V3_BULK,AUTH_BLOCKED_HTTP_401,,,,,,,,,,,NO_MATCH,,NO_IDENTITY_MATCH,GFW_FISHING_VESSELS_V3_BULK_ONLY,0,amti_hainan_militia,NOT_APPLICABLE_NO_STRONG_GFW_MATCH,Snowballing is required only for a strong/exact GFW match.,No exact MMSI match in the tested Fishing vessels v3 archive; this is not a global GFW no-match because online Vessel Search was token-blocked.
AMTI-MM-022,MARITIME_MILITIA,MILITIA;FISHING,YES,YES,MMSI,412520156,GFW_FISHING_VESSELS_V3_BULK,AUTH_BLOCKED_HTTP_401,,,,,,,,,,,NO_MATCH,,NO_IDENTITY_MATCH,GFW_FISHING_VESSELS_V3_BULK_ONLY,0,amti_hainan_militia,NOT_APPLICABLE_NO_STRONG_GFW_MATCH,Snowballing is required only for a strong/exact GFW match.,No exact MMSI match in the tested Fishing vessels v3 archive; this is not a global GFW no-match because online Vessel Search was token-blocked.
AMTI-MM-023,MARITIME_MILITIA,MILITIA;FISHING,YES,YES,MMSI,412520157,GFW_FISHING_VESSELS_V3_BULK,AUTH_BLOCKED_HTTP_401,,,,,,,,,,,NO_MATCH,,NO_IDENTITY_MATCH,GFW_FISHING_VESSELS_V3_BULK_ONLY,0,amti_hainan_militia,NOT_APPLICABLE_NO_STRONG_GFW_MATCH,Snowballing is required only for a strong/exact GFW match.,No exact MMSI match in the tested Fishing vessels v3 archive; this is not a global GFW no-match because online Vessel Search was token-blocked.
AMTI-MM-024,MARITIME_MILITIA,MILITIA;FISHING,YES,YES,MMSI,412520158,GFW_FISHING_VESSELS_V3_BULK,AUTH_BLOCKED_HTTP_401,,,,,,,,,,,NO_MATCH,,NO_IDENTITY_MATCH,GFW_FISHING_VESSELS_V3_BULK_ONLY,0,amti_hainan_militia,NOT_APPLICABLE_NO_STRONG_GFW_MATCH,Snowballing is required only for a strong/exact GFW match.,No exact MMSI match in the tested Fishing vessels v3 archive; this is not a global GFW no-match because online Vessel Search was token-blocked.
AMTI-MM-025,MARITIME_MILITIA,MILITIA;FISHING,YES,YES,MMSI,412520159,GFW_FISHING_VESSELS_V3_BULK,AUTH_BLOCKED_HTTP_401,,,,,,,,,,,NO_MATCH,,NO_IDENTITY_MATCH,GFW_FISHING_VESSELS_V3_BULK_ONLY,0,amti_hainan_militia,NOT_APPLICABLE_NO_STRONG_GFW_MATCH,Snowballing is required only for a strong/exact GFW match.,No exact MMSI match in the tested Fishing vessels v3 archive; this is not a global GFW no-match because online Vessel Search was token-blocked.
AMTI-MM-026,MARITIME_MILITIA,MILITIA;FISHING,YES,YES,MMSI,412520161,GFW_FISHING_VESSELS_V3_BULK,AUTH_BLOCKED_HTTP_401,,,,,,,,,,,NO_MATCH,,NO_IDENTITY_MATCH,GFW_FISHING_VESSELS_V3_BULK_ONLY,0,amti_hainan_militia,NOT_APPLICABLE_NO_STRONG_GFW_MATCH,Snowballing is required only for a strong/exact GFW match.,No exact MMSI match in the tested Fishing vessels v3 archive; this is not a global GFW no-match because online Vessel Search was token-blocked.
AMTI-MM-027,MARITIME_MILITIA,MILITIA;FISHING,YES,YES,MMSI,412520162,GFW_FISHING_VESSELS_V3_BULK,AUTH_BLOCKED_HTTP_401,,,,,,,,,,,NO_MATCH,,NO_IDENTITY_MATCH,GFW_FISHING_VESSELS_V3_BULK_ONLY,0,amti_hainan_militia,NOT_APPLICABLE_NO_STRONG_GFW_MATCH,Snowballing is required only for a strong/exact GFW match.,No exact MMSI match in the tested Fishing vessels v3 archive; this is not a global GFW no-match because online Vessel Search was token-blocked.
AMTI-MM-028,MARITIME_MILITIA,MILITIA;FISHING,YES,YES,MMSI,412520163,GFW_FISHING_VESSELS_V3_BULK,AUTH_BLOCKED_HTTP_401,,,,,,,,,,,NO_MATCH,,NO_IDENTITY_MATCH,GFW_FISHING_VESSELS_V3_BULK_ONLY,0,amti_hainan_militia,NOT_APPLICABLE_NO_STRONG_GFW_MATCH,Snowballing is required only for a strong/exact GFW match.,No exact MMSI match in the tested Fishing vessels v3 archive; this is not a global GFW no-match because online Vessel Search was token-blocked.
AMTI-MM-029,MARITIME_MILITIA,MILITIA;FISHING,YES,YES,MMSI,412520164,GFW_FISHING_VESSELS_V3_BULK,AUTH_BLOCKED_HTTP_401,,,,,,,,,,,NO_MATCH,,NO_IDENTITY_MATCH,GFW_FISHING_VESSELS_V3_BULK_ONLY,0,amti_hainan_militia,NOT_APPLICABLE_NO_STRONG_GFW_MATCH,Snowballing is required only for a strong/exact GFW match.,No exact MMSI match in the tested Fishing vessels v3 archive; this is not a global GFW no-match because online Vessel Search was token-blocked.
AMTI-MM-030,MARITIME_MILITIA,MILITIA;FISHING,YES,YES,MMSI,412520165,GFW_FISHING_VESSELS_V3_BULK,AUTH_BLOCKED_HTTP_401,,,,,,,,,,,NO_MATCH,,NO_IDENTITY_MATCH,GFW_FISHING_VESSELS_V3_BULK_ONLY,0,amti_hainan_militia,NOT_APPLICABLE_NO_STRONG_GFW_MATCH,Snowballing is required only for a strong/exact GFW match.,No exact MMSI match in the tested Fishing vessels v3 archive; this is not a global GFW no-match because online Vessel Search was token-blocked.
AMTI-MM-031,MARITIME_MILITIA,MILITIA;FISHING,YES,YES,MMSI,412520166,GFW_FISHING_VESSELS_V3_BULK,AUTH_BLOCKED_HTTP_401,,,,,,,,,,,NO_MATCH,,NO_IDENTITY_MATCH,GFW_FISHING_VESSELS_V3_BULK_ONLY,0,amti_hainan_militia,NOT_APPLICABLE_NO_STRONG_GFW_MATCH,Snowballing is required only for a strong/exact GFW match.,No exact MMSI match in the tested Fishing vessels v3 archive; this is not a global GFW no-match because online Vessel Search was token-blocked.
AMTI-MM-032,MARITIME_MILITIA,MILITIA;FISHING,YES,YES,MMSI,412520167,GFW_FISHING_VESSELS_V3_BULK,AUTH_BLOCKED_HTTP_401,,,,,,,,,,,NO_MATCH,,NO_IDENTITY_MATCH,GFW_FISHING_VESSELS_V3_BULK_ONLY,0,amti_hainan_militia,NOT_APPLICABLE_NO_STRONG_GFW_MATCH,Snowballing is required only for a strong/exact GFW match.,No exact MMSI match in the tested Fishing vessels v3 archive; this is not a global GFW no-match because online Vessel Search was token-blocked.
AMTI-MM-033,MARITIME_MILITIA,MILITIA;FISHING,YES,YES,MMSI,412520168,GFW_FISHING_VESSELS_V3_BULK,AUTH_BLOCKED_HTTP_401,,,,,,,,,,,NO_MATCH,,NO_IDENTITY_MATCH,GFW_FISHING_VESSELS_V3_BULK_ONLY,0,amti_hainan_militia,NOT_APPLICABLE_NO_STRONG_GFW_MATCH,Snowballing is required only for a strong/exact GFW match.,No exact MMSI match in the tested Fishing vessels v3 archive; this is not a global GFW no-match because online Vessel Search was token-blocked.
AMTI-MM-034,MARITIME_MILITIA,MILITIA;FISHING,YES,YES,MMSI,412520169,GFW_FISHING_VESSELS_V3_BULK,AUTH_BLOCKED_HTTP_401,,,,,,,,,,,NO_MATCH,,NO_IDENTITY_MATCH,GFW_FISHING_VESSELS_V3_BULK_ONLY,0,amti_hainan_militia,NOT_APPLICABLE_NO_STRONG_GFW_MATCH,Snowballing is required only for a strong/exact GFW match.,No exact MMSI match in the tested Fishing vessels v3 archive; this is not a global GFW no-match because online Vessel Search was token-blocked.
AMTI-MM-035,MARITIME_MILITIA,MILITIA;FISHING,YES,YES,MMSI,412520171,GFW_FISHING_VESSELS_V3_BULK,AUTH_BLOCKED_HTTP_401,,,,,,,,,,,NO_MATCH,,NO_IDENTITY_MATCH,GFW_FISHING_VESSELS_V3_BULK_ONLY,0,amti_hainan_militia,NOT_APPLICABLE_NO_STRONG_GFW_MATCH,Snowballing is required only for a strong/exact GFW match.,No exact MMSI match in the tested Fishing vessels v3 archive; this is not a global GFW no-match because online Vessel Search was token-blocked.
AMTI-MM-036,MARITIME_MILITIA,MILITIA;FISHING,YES,YES,MMSI,412520172,GFW_FISHING_VESSELS_V3_BULK,AUTH_BLOCKED_HTTP_401,,,,,,,,,,,NO_MATCH,,NO_IDENTITY_MATCH,GFW_FISHING_VESSELS_V3_BULK_ONLY,0,amti_hainan_militia,NOT_APPLICABLE_NO_STRONG_GFW_MATCH,Snowballing is required only for a strong/exact GFW match.,No exact MMSI match in the tested Fishing vessels v3 archive; this is not a global GFW no-match because online Vessel Search was token-blocked.
AMTI-MM-037,MARITIME_MILITIA,MILITIA;FISHING,YES,YES,MMSI,412520173,GFW_FISHING_VESSELS_V3_BULK,AUTH_BLOCKED_HTTP_401,,,,,,,,,,,NO_MATCH,,NO_IDENTITY_MATCH,GFW_FISHING_VESSELS_V3_BULK_ONLY,0,amti_hainan_militia,NOT_APPLICABLE_NO_STRONG_GFW_MATCH,Snowballing is required only for a strong/exact GFW match.,No exact MMSI match in the tested Fishing vessels v3 archive; this is not a global GFW no-match because online Vessel Search was token-blocked.
AMTI-MM-038,MARITIME_MILITIA,MILITIA;FISHING,YES,YES,MMSI,412520147,GFW_FISHING_VESSELS_V3_BULK,AUTH_BLOCKED_HTTP_401,,,,,,,,,,,NO_MATCH,,NO_IDENTITY_MATCH,GFW_FISHING_VESSELS_V3_BULK_ONLY,0,amti_hainan_militia,NOT_APPLICABLE_NO_STRONG_GFW_MATCH,Snowballing is required only for a strong/exact GFW match.,No exact MMSI match in the tested Fishing vessels v3 archive; this is not a global GFW no-match because online Vessel Search was token-blocked.
AMTI-MM-039,MARITIME_MILITIA,MILITIA;FISHING,YES,YES,MMSI,412520175,GFW_FISHING_VESSELS_V3_BULK,AUTH_BLOCKED_HTTP_401,,,,,,,,,,,NO_MATCH,,NO_IDENTITY_MATCH,GFW_FISHING_VESSELS_V3_BULK_ONLY,0,amti_hainan_militia,NOT_APPLICABLE_NO_STRONG_GFW_MATCH,Snowballing is required only for a strong/exact GFW match.,No exact MMSI match in the tested Fishing vessels v3 archive; this is not a global GFW no-match because online Vessel Search was token-blocked.
AMTI-MM-040,MARITIME_MILITIA,MILITIA;FISHING,YES,YES,MMSI,412520201,GFW_FISHING_VESSELS_V3_BULK,AUTH_BLOCKED_HTTP_401,,,,,,,,,,,NO_MATCH,,NO_IDENTITY_MATCH,GFW_FISHING_VESSELS_V3_BULK_ONLY,0,amti_hainan_militia,NOT_APPLICABLE_NO_STRONG_GFW_MATCH,Snowballing is required only for a strong/exact GFW match.,No exact MMSI match in the tested Fishing vessels v3 archive; this is not a global GFW no-match because online Vessel Search was token-blocked.
AMTI-MM-041,MARITIME_MILITIA,MILITIA;FISHING,YES,YES,MMSI,412520202,GFW_FISHING_VESSELS_V3_BULK,AUTH_BLOCKED_HTTP_401,,,,,,,,,,,NO_MATCH,,NO_IDENTITY_MATCH,GFW_FISHING_VESSELS_V3_BULK_ONLY,0,amti_hainan_militia,NOT_APPLICABLE_NO_STRONG_GFW_MATCH,Snowballing is required only for a strong/exact GFW match.,No exact MMSI match in the tested Fishing vessels v3 archive; this is not a global GFW no-match because online Vessel Search was token-blocked.
AMTI-MM-042,MARITIME_MILITIA,MILITIA;FISHING,YES,YES,MMSI,412520203,GFW_FISHING_VESSELS_V3_BULK,AUTH_BLOCKED_HTTP_401,,,,,,,,,,,NO_MATCH,,NO_IDENTITY_MATCH,GFW_FISHING_VESSELS_V3_BULK_ONLY,0,amti_hainan_militia,NOT_APPLICABLE_NO_STRONG_GFW_MATCH,Snowballing is required only for a strong/exact GFW match.,No exact MMSI match in the tested Fishing vessels v3 archive; this is not a global GFW no-match because online Vessel Search was token-blocked.
AMTI-MM-043,MARITIME_MILITIA,MILITIA;FISHING,YES,YES,MMSI,412520204,GFW_FISHING_VESSELS_V3_BULK,AUTH_BLOCKED_HTTP_401,,,,,,,,,,,NO_MATCH,,NO_IDENTITY_MATCH,GFW_FISHING_VESSELS_V3_BULK_ONLY,0,amti_hainan_militia,NOT_APPLICABLE_NO_STRONG_GFW_MATCH,Snowballing is required only for a strong/exact GFW match.,No exact MMSI match in the tested Fishing vessels v3 archive; this is not a global GFW no-match because online Vessel Search was token-blocked.
AMTI-MM-044,MARITIME_MILITIA,MILITIA;FISHING,YES,YES,MMSI,412520205,GFW_FISHING_VESSELS_V3_BULK,AUTH_BLOCKED_HTTP_401,,,,,,,,,,,NO_MATCH,,NO_IDENTITY_MATCH,GFW_FISHING_VESSELS_V3_BULK_ONLY,0,amti_hainan_militia,NOT_APPLICABLE_NO_STRONG_GFW_MATCH,Snowballing is required only for a strong/exact GFW match.,No exact MMSI match in the tested Fishing vessels v3 archive; this is not a global GFW no-match because online Vessel Search was token-blocked.
AMTI-MM-045,MARITIME_MILITIA,MILITIA;FISHING,YES,YES,MMSI,412520206,GFW_FISHING_VESSELS_V3_BULK,AUTH_BLOCKED_HTTP_401,,,,,,,,,,,NO_MATCH,,NO_IDENTITY_MATCH,GFW_FISHING_VESSELS_V3_BULK_ONLY,0,amti_hainan_militia,NOT_APPLICABLE_NO_STRONG_GFW_MATCH,Snowballing is required only for a strong/exact GFW match.,No exact MMSI match in the tested Fishing vessels v3 archive; this is not a global GFW no-match because online Vessel Search was token-blocked.
AMTI-MM-046,MARITIME_MILITIA,MILITIA;FISHING,YES,YES,MMSI,412520207,GFW_FISHING_VESSELS_V3_BULK,AUTH_BLOCKED_HTTP_401,,,,,,,,,,,NO_MATCH,,NO_IDENTITY_MATCH,GFW_FISHING_VESSELS_V3_BULK_ONLY,0,amti_hainan_militia,NOT_APPLICABLE_NO_STRONG_GFW_MATCH,Snowballing is required only for a strong/exact GFW match.,No exact MMSI match in the tested Fishing vessels v3 archive; this is not a global GFW no-match because online Vessel Search was token-blocked.
AMTI-MM-047,MARITIME_MILITIA,MILITIA;FISHING,YES,YES,MMSI,412520208,GFW_FISHING_VESSELS_V3_BULK,AUTH_BLOCKED_HTTP_401,,,,,,,,,,,NO_MATCH,,NO_IDENTITY_MATCH,GFW_FISHING_VESSELS_V3_BULK_ONLY,0,amti_hainan_militia,NOT_APPLICABLE_NO_STRONG_GFW_MATCH,Snowballing is required only for a strong/exact GFW match.,No exact MMSI match in the tested Fishing vessels v3 archive; this is not a global GFW no-match because online Vessel Search was token-blocked.
AMTI-MM-048,MARITIME_MILITIA,MILITIA;FISHING,YES,YES,MMSI,412520176,GFW_FISHING_VESSELS_V3_BULK,AUTH_BLOCKED_HTTP_401,,,,,,,,,,,NO_MATCH,,NO_IDENTITY_MATCH,GFW_FISHING_VESSELS_V3_BULK_ONLY,0,amti_hainan_militia,NOT_APPLICABLE_NO_STRONG_GFW_MATCH,Snowballing is required only for a strong/exact GFW match.,No exact MMSI match in the tested Fishing vessels v3 archive; this is not a global GFW no-match because online Vessel Search was token-blocked.
AMTI-MM-049,MARITIME_MILITIA,MILITIA;FISHING,YES,YES,MMSI,412520177,GFW_FISHING_VESSELS_V3_BULK,AUTH_BLOCKED_HTTP_401,,,,,,,,,,,NO_MATCH,,NO_IDENTITY_MATCH,GFW_FISHING_VESSELS_V3_BULK_ONLY,0,amti_hainan_militia,NOT_APPLICABLE_NO_STRONG_GFW_MATCH,Snowballing is required only for a strong/exact GFW match.,No exact MMSI match in the tested Fishing vessels v3 archive; this is not a global GFW no-match because online Vessel Search was token-blocked.
AMTI-MM-050,MARITIME_MILITIA,MILITIA;FISHING,YES,YES,MMSI,412520178,GFW_FISHING_VESSELS_V3_BULK,AUTH_BLOCKED_HTTP_401,,,,,,,,,,,NO_MATCH,,NO_IDENTITY_MATCH,GFW_FISHING_VESSELS_V3_BULK_ONLY,0,amti_hainan_militia,NOT_APPLICABLE_NO_STRONG_GFW_MATCH,Snowballing is required only for a strong/exact GFW match.,No exact MMSI match in the tested Fishing vessels v3 archive; this is not a global GFW no-match because online Vessel Search was token-blocked.
AMTI-MM-051,MARITIME_MILITIA,MILITIA;FISHING,YES,YES,MMSI,412520179,GFW_FISHING_VESSELS_V3_BULK,AUTH_BLOCKED_HTTP_401,,,,,,,,,,,NO_MATCH,,NO_IDENTITY_MATCH,GFW_FISHING_VESSELS_V3_BULK_ONLY,0,amti_hainan_militia,NOT_APPLICABLE_NO_STRONG_GFW_MATCH,Snowballing is required only for a strong/exact GFW match.,No exact MMSI match in the tested Fishing vessels v3 archive; this is not a global GFW no-match because online Vessel Search was token-blocked.
AMTI-MM-052,MARITIME_MILITIA,MILITIA;FISHING,YES,YES,MMSI,412520181,GFW_FISHING_VESSELS_V3_BULK,AUTH_BLOCKED_HTTP_401,,,,,,,,,,,NO_MATCH,,NO_IDENTITY_MATCH,GFW_FISHING_VESSELS_V3_BULK_ONLY,0,amti_hainan_militia,NOT_APPLICABLE_NO_STRONG_GFW_MATCH,Snowballing is required only for a strong/exact GFW match.,No exact MMSI match in the tested Fishing vessels v3 archive; this is not a global GFW no-match because online Vessel Search was token-blocked.
AMTI-MM-053,MARITIME_MILITIA,MILITIA;FISHING,YES,YES,MMSI,412520182,GFW_FISHING_VESSELS_V3_BULK,AUTH_BLOCKED_HTTP_401,,,,,,,,,,,NO_MATCH,,NO_IDENTITY_MATCH,GFW_FISHING_VESSELS_V3_BULK_ONLY,0,amti_hainan_militia,NOT_APPLICABLE_NO_STRONG_GFW_MATCH,Snowballing is required only for a strong/exact GFW match.,No exact MMSI match in the tested Fishing vessels v3 archive; this is not a global GFW no-match because online Vessel Search was token-blocked.
AMTI-MM-054,MARITIME_MILITIA,MILITIA;FISHING,YES,YES,MMSI,412520183,GFW_FISHING_VESSELS_V3_BULK,AUTH_BLOCKED_HTTP_401,,,,,,,,,,,NO_MATCH,,NO_IDENTITY_MATCH,GFW_FISHING_VESSELS_V3_BULK_ONLY,0,amti_hainan_militia,NOT_APPLICABLE_NO_STRONG_GFW_MATCH,Snowballing is required only for a strong/exact GFW match.,No exact MMSI match in the tested Fishing vessels v3 archive; this is not a global GFW no-match because online Vessel Search was token-blocked.
AMTI-MM-055,MARITIME_MILITIA,MILITIA;FISHING,YES,YES,MMSI,412520184,GFW_FISHING_VESSELS_V3_BULK,AUTH_BLOCKED_HTTP_401,,,,,,,,,,,NO_MATCH,,NO_IDENTITY_MATCH,GFW_FISHING_VESSELS_V3_BULK_ONLY,0,amti_hainan_militia,NOT_APPLICABLE_NO_STRONG_GFW_MATCH,Snowballing is required only for a strong/exact GFW match.,No exact MMSI match in the tested Fishing vessels v3 archive; this is not a global GFW no-match because online Vessel Search was token-blocked.
AMTI-MM-056,MARITIME_MILITIA,MILITIA;FISHING,YES,YES,MMSI,412520185,GFW_FISHING_VESSELS_V3_BULK,AUTH_BLOCKED_HTTP_401,,,,,,,,,,,NO_MATCH,,NO_IDENTITY_MATCH,GFW_FISHING_VESSELS_V3_BULK_ONLY,0,amti_hainan_militia,NOT_APPLICABLE_NO_STRONG_GFW_MATCH,Snowballing is required only for a strong/exact GFW match.,No exact MMSI match in the tested Fishing vessels v3 archive; this is not a global GFW no-match because online Vessel Search was token-blocked.
AMTI-MM-057,MARITIME_MILITIA,MILITIA;FISHING,YES,YES,MMSI,412520186,GFW_FISHING_VESSELS_V3_BULK,AUTH_BLOCKED_HTTP_401,,,,,,,,,,,NO_MATCH,,NO_IDENTITY_MATCH,GFW_FISHING_VESSELS_V3_BULK_ONLY,0,amti_hainan_militia,NOT_APPLICABLE_NO_STRONG_GFW_MATCH,Snowballing is required only for a strong/exact GFW match.,No exact MMSI match in the tested Fishing vessels v3 archive; this is not a global GFW no-match because online Vessel Search was token-blocked.
AMTI-MM-058,MARITIME_MILITIA,MILITIA;FISHING,YES,YES,MMSI,412520187,GFW_FISHING_VESSELS_V3_BULK,AUTH_BLOCKED_HTTP_401,,,,,,,,,,,NO_MATCH,,NO_IDENTITY_MATCH,GFW_FISHING_VESSELS_V3_BULK_ONLY,0,amti_hainan_militia,NOT_APPLICABLE_NO_STRONG_GFW_MATCH,Snowballing is required only for a strong/exact GFW match.,No exact MMSI match in the tested Fishing vessels v3 archive; this is not a global GFW no-match because online Vessel Search was token-blocked.
AMTI-MM-059,MARITIME_MILITIA,MILITIA;FISHING,YES,YES,MMSI,412520188,GFW_FISHING_VESSELS_V3_BULK,AUTH_BLOCKED_HTTP_401,,,,,,,,,,,NO_MATCH,,NO_IDENTITY_MATCH,GFW_FISHING_VESSELS_V3_BULK_ONLY,0,amti_hainan_militia,NOT_APPLICABLE_NO_STRONG_GFW_MATCH,Snowballing is required only for a strong/exact GFW match.,No exact MMSI match in the tested Fishing vessels v3 archive; this is not a global GFW no-match because online Vessel Search was token-blocked.
AMTI-MM-060,MARITIME_MILITIA,MILITIA;FISHING,YES,YES,MMSI,412520189,GFW_FISHING_VESSELS_V3_BULK,AUTH_BLOCKED_HTTP_401,,,,,,,,,,,NO_MATCH,,NO_IDENTITY_MATCH,GFW_FISHING_VESSELS_V3_BULK_ONLY,0,amti_hainan_militia,NOT_APPLICABLE_NO_STRONG_GFW_MATCH,Snowballing is required only for a strong/exact GFW match.,No exact MMSI match in the tested Fishing vessels v3 archive; this is not a global GFW no-match because online Vessel Search was token-blocked.
AMTI-MM-061,MARITIME_MILITIA,MILITIA;FISHING,YES,YES,MMSI,412520191,GFW_FISHING_VESSELS_V3_BULK,AUTH_BLOCKED_HTTP_401,,,,,,,,,,,NO_MATCH,,NO_IDENTITY_MATCH,GFW_FISHING_VESSELS_V3_BULK_ONLY,0,amti_hainan_militia,NOT_APPLICABLE_NO_STRONG_GFW_MATCH,Snowballing is required only for a strong/exact GFW match.,No exact MMSI match in the tested Fishing vessels v3 archive; this is not a global GFW no-match because online Vessel Search was token-blocked.
AMTI-MM-062,MARITIME_MILITIA,MILITIA;FISHING,YES,YES,MMSI,412520209,GFW_FISHING_VESSELS_V3_BULK,AUTH_BLOCKED_HTTP_401,,,,,,,,,,,NO_MATCH,,NO_IDENTITY_MATCH,GFW_FISHING_VESSELS_V3_BULK_ONLY,0,amti_hainan_militia,NOT_APPLICABLE_NO_STRONG_GFW_MATCH,Snowballing is required only for a strong/exact GFW match.,No exact MMSI match in the tested Fishing vessels v3 archive; this is not a global GFW no-match because online Vessel Search was token-blocked.
AMTI-MM-063,MARITIME_MILITIA,MILITIA;FISHING,YES,YES,MMSI,412520211,GFW_FISHING_VESSELS_V3_BULK,AUTH_BLOCKED_HTTP_401,,,,,,,,,,,NO_MATCH,,NO_IDENTITY_MATCH,GFW_FISHING_VESSELS_V3_BULK_ONLY,0,amti_hainan_militia,NOT_APPLICABLE_NO_STRONG_GFW_MATCH,Snowballing is required only for a strong/exact GFW match.,No exact MMSI match in the tested Fishing vessels v3 archive; this is not a global GFW no-match because online Vessel Search was token-blocked.
AMTI-MM-064,MARITIME_MILITIA,MILITIA;FISHING,YES,YES,MMSI,412520212,GFW_FISHING_VESSELS_V3_BULK,AUTH_BLOCKED_HTTP_401,,,,,,,,,,,NO_MATCH,,NO_IDENTITY_MATCH,GFW_FISHING_VESSELS_V3_BULK_ONLY,0,amti_hainan_militia,NOT_APPLICABLE_NO_STRONG_GFW_MATCH,Snowballing is required only for a strong/exact GFW match.,No exact MMSI match in the tested Fishing vessels v3 archive; this is not a global GFW no-match because online Vessel Search was token-blocked.
AMTI-MM-065,MARITIME_MILITIA,MILITIA;FISHING,YES,YES,MMSI,412520213,GFW_FISHING_VESSELS_V3_BULK,AUTH_BLOCKED_HTTP_401,,,,,,,,,,,NO_MATCH,,NO_IDENTITY_MATCH,GFW_FISHING_VESSELS_V3_BULK_ONLY,0,amti_hainan_militia,NOT_APPLICABLE_NO_STRONG_GFW_MATCH,Snowballing is required only for a strong/exact GFW match.,No exact MMSI match in the tested Fishing vessels v3 archive; this is not a global GFW no-match because online Vessel Search was token-blocked.
AMTI-MM-066,MARITIME_MILITIA,MILITIA;FISHING,YES,YES,MMSI,412520214,GFW_FISHING_VESSELS_V3_BULK,AUTH_BLOCKED_HTTP_401,,,,,,,,,,,NO_MATCH,,NO_IDENTITY_MATCH,GFW_FISHING_VESSELS_V3_BULK_ONLY,0,amti_hainan_militia,NOT_APPLICABLE_NO_STRONG_GFW_MATCH,Snowballing is required only for a strong/exact GFW match.,No exact MMSI match in the tested Fishing vessels v3 archive; this is not a global GFW no-match because online Vessel Search was token-blocked.
AMTI-MM-067,MARITIME_MILITIA,MILITIA;FISHING,YES,YES,MMSI,412520215,GFW_FISHING_VESSELS_V3_BULK,AUTH_BLOCKED_HTTP_401,,,,,,,,,,,NO_MATCH,,NO_IDENTITY_MATCH,GFW_FISHING_VESSELS_V3_BULK_ONLY,0,amti_hainan_militia,NOT_APPLICABLE_NO_STRONG_GFW_MATCH,Snowballing is required only for a strong/exact GFW match.,No exact MMSI match in the tested Fishing vessels v3 archive; this is not a global GFW no-match because online Vessel Search was token-blocked.
AMTI-MM-068,MARITIME_MILITIA,MILITIA;FISHING,YES,YES,MMSI,412520216,GFW_FISHING_VESSELS_V3_BULK,AUTH_BLOCKED_HTTP_401,,,,,,,,,,,NO_MATCH,,NO_IDENTITY_MATCH,GFW_FISHING_VESSELS_V3_BULK_ONLY,0,amti_hainan_militia,NOT_APPLICABLE_NO_STRONG_GFW_MATCH,Snowballing is required only for a strong/exact GFW match.,No exact MMSI match in the tested Fishing vessels v3 archive; this is not a global GFW no-match because online Vessel Search was token-blocked.
AMTI-MM-069,MARITIME_MILITIA,MILITIA;FISHING,YES,YES,MMSI,412520217,GFW_FISHING_VESSELS_V3_BULK,AUTH_BLOCKED_HTTP_401,,,,,,,,,,,NO_MATCH,,NO_IDENTITY_MATCH,GFW_FISHING_VESSELS_V3_BULK_ONLY,0,amti_hainan_militia,NOT_APPLICABLE_NO_STRONG_GFW_MATCH,Snowballing is required only for a strong/exact GFW match.,No exact MMSI match in the tested Fishing vessels v3 archive; this is not a global GFW no-match because online Vessel Search was token-blocked.
AMTI-MM-070,MARITIME_MILITIA,MILITIA;FISHING,YES,YES,MMSI,412520218,GFW_FISHING_VESSELS_V3_BULK,AUTH_BLOCKED_HTTP_401,,,,,,,,,,,NO_MATCH,,NO_IDENTITY_MATCH,GFW_FISHING_VESSELS_V3_BULK_ONLY,0,amti_hainan_militia,NOT_APPLICABLE_NO_STRONG_GFW_MATCH,Snowballing is required only for a strong/exact GFW match.,No exact MMSI match in the tested Fishing vessels v3 archive; this is not a global GFW no-match because online Vessel Search was token-blocked.
AMTI-MM-071,MARITIME_MILITIA,MILITIA;FISHING,YES,YES,MMSI,412520219,GFW_FISHING_VESSELS_V3_BULK,AUTH_BLOCKED_HTTP_401,,,,,,,,,,,NO_MATCH,,NO_IDENTITY_MATCH,GFW_FISHING_VESSELS_V3_BULK_ONLY,0,amti_hainan_militia,NOT_APPLICABLE_NO_STRONG_GFW_MATCH,Snowballing is required only for a strong/exact GFW match.,No exact MMSI match in the tested Fishing vessels v3 archive; this is not a global GFW no-match because online Vessel Search was token-blocked.
AMTI-MM-072,MARITIME_MILITIA,MILITIA;FISHING,YES,YES,MMSI,212520221,GFW_FISHING_VESSELS_V3_BULK,AUTH_BLOCKED_HTTP_401,,,,,,,,,,,NO_MATCH,,NO_IDENTITY_MATCH,GFW_FISHING_VESSELS_V3_BULK_ONLY,0,amti_hainan_militia,NOT_APPLICABLE_NO_STRONG_GFW_MATCH,Snowballing is required only for a strong/exact GFW match.,No exact MMSI match in the tested Fishing vessels v3 archive; this is not a global GFW no-match because online Vessel Search was token-blocked.
AMTI-MM-073,MARITIME_MILITIA,MILITIA;FISHING,YES,YES,MMSI,412520222,GFW_FISHING_VESSELS_V3_BULK,AUTH_BLOCKED_HTTP_401,,,,,,,,,,,NO_MATCH,,NO_IDENTITY_MATCH,GFW_FISHING_VESSELS_V3_BULK_ONLY,0,amti_hainan_militia,NOT_APPLICABLE_NO_STRONG_GFW_MATCH,Snowballing is required only for a strong/exact GFW match.,No exact MMSI match in the tested Fishing vessels v3 archive; this is not a global GFW no-match because online Vessel Search was token-blocked.
AMTI-MM-074,MARITIME_MILITIA,MILITIA;FISHING,YES,YES,MMSI,412520223,GFW_FISHING_VESSELS_V3_BULK,AUTH_BLOCKED_HTTP_401,,,,,,,,,,,NO_MATCH,,NO_IDENTITY_MATCH,GFW_FISHING_VESSELS_V3_BULK_ONLY,0,amti_hainan_militia,NOT_APPLICABLE_NO_STRONG_GFW_MATCH,Snowballing is required only for a strong/exact GFW match.,No exact MMSI match in the tested Fishing vessels v3 archive; this is not a global GFW no-match because online Vessel Search was token-blocked.
AMTI-MM-075,MARITIME_MILITIA,MILITIA;FISHING,YES,YES,MMSI,412520224,GFW_FISHING_VESSELS_V3_BULK,AUTH_BLOCKED_HTTP_401,,,,,,,,,,,NO_MATCH,,NO_IDENTITY_MATCH,GFW_FISHING_VESSELS_V3_BULK_ONLY,0,amti_hainan_militia,NOT_APPLICABLE_NO_STRONG_GFW_MATCH,Snowballing is required only for a strong/exact GFW match.,No exact MMSI match in the tested Fishing vessels v3 archive; this is not a global GFW no-match because online Vessel Search was token-blocked.
AMTI-MM-076,MARITIME_MILITIA,MILITIA;FISHING,YES,YES,MMSI,412520225,GFW_FISHING_VESSELS_V3_BULK,AUTH_BLOCKED_HTTP_401,,,,,,,,,,,NO_MATCH,,NO_IDENTITY_MATCH,GFW_FISHING_VESSELS_V3_BULK_ONLY,0,amti_hainan_militia,NOT_APPLICABLE_NO_STRONG_GFW_MATCH,Snowballing is required only for a strong/exact GFW match.,No exact MMSI match in the tested Fishing vessels v3 archive; this is not a global GFW no-match because online Vessel Search was token-blocked.
AMTI-MM-077,MARITIME_MILITIA,MILITIA;FISHING,YES,YES,MMSI,412520226,GFW_FISHING_VESSELS_V3_BULK,AUTH_BLOCKED_HTTP_401,,,,,,,,,,,NO_MATCH,,NO_IDENTITY_MATCH,GFW_FISHING_VESSELS_V3_BULK_ONLY,0,amti_hainan_militia,NOT_APPLICABLE_NO_STRONG_GFW_MATCH,Snowballing is required only for a strong/exact GFW match.,No exact MMSI match in the tested Fishing vessels v3 archive; this is not a global GFW no-match because online Vessel Search was token-blocked.
AMTI-MM-078,MARITIME_MILITIA,MILITIA;FISHING,YES,YES,MMSI,412520227,GFW_FISHING_VESSELS_V3_BULK,AUTH_BLOCKED_HTTP_401,,,,,,,,,,,NO_MATCH,,NO_IDENTITY_MATCH,GFW_FISHING_VESSELS_V3_BULK_ONLY,0,amti_hainan_militia,NOT_APPLICABLE_NO_STRONG_GFW_MATCH,Snowballing is required only for a strong/exact GFW match.,No exact MMSI match in the tested Fishing vessels v3 archive; this is not a global GFW no-match because online Vessel Search was token-blocked.
AMTI-MM-079,MARITIME_MILITIA,MILITIA;FISHING,YES,YES,MMSI,412520228,GFW_FISHING_VESSELS_V3_BULK,AUTH_BLOCKED_HTTP_401,,,,,,,,,,,NO_MATCH,,NO_IDENTITY_MATCH,GFW_FISHING_VESSELS_V3_BULK_ONLY,0,amti_hainan_militia,NOT_APPLICABLE_NO_STRONG_GFW_MATCH,Snowballing is required only for a strong/exact GFW match.,No exact MMSI match in the tested Fishing vessels v3 archive; this is not a global GFW no-match because online Vessel Search was token-blocked.
AMTI-MM-080,MARITIME_MILITIA,MILITIA;FISHING,YES,YES,MMSI,412520229,GFW_FISHING_VESSELS_V3_BULK,AUTH_BLOCKED_HTTP_401,,,,,,,,,,,NO_MATCH,,NO_IDENTITY_MATCH,GFW_FISHING_VESSELS_V3_BULK_ONLY,0,amti_hainan_militia,NOT_APPLICABLE_NO_STRONG_GFW_MATCH,Snowballing is required only for a strong/exact GFW match.,No exact MMSI match in the tested Fishing vessels v3 archive; this is not a global GFW no-match because online Vessel Search was token-blocked.
AMTI-MM-081,MARITIME_MILITIA,MILITIA;FISHING,YES,YES,MMSI,412520231,GFW_FISHING_VESSELS_V3_BULK,AUTH_BLOCKED_HTTP_401,,,,,,,,,,,NO_MATCH,,NO_IDENTITY_MATCH,GFW_FISHING_VESSELS_V3_BULK_ONLY,0,amti_hainan_militia,NOT_APPLICABLE_NO_STRONG_GFW_MATCH,Snowballing is required only for a strong/exact GFW match.,No exact MMSI match in the tested Fishing vessels v3 archive; this is not a global GFW no-match because online Vessel Search was token-blocked.
AMTI-MM-082,MARITIME_MILITIA,MILITIA;FISHING,YES,YES,MMSI,412520232,GFW_FISHING_VESSELS_V3_BULK,AUTH_BLOCKED_HTTP_401,,,,,,,,,,,NO_MATCH,,NO_IDENTITY_MATCH,GFW_FISHING_VESSELS_V3_BULK_ONLY,0,amti_hainan_militia,NOT_APPLICABLE_NO_STRONG_GFW_MATCH,Snowballing is required only for a strong/exact GFW match.,No exact MMSI match in the tested Fishing vessels v3 archive; this is not a global GFW no-match because online Vessel Search was token-blocked.
AMTI-MM-083,MARITIME_MILITIA,MILITIA;FISHING,YES,YES,MMSI,412520233,GFW_FISHING_VESSELS_V3_BULK,AUTH_BLOCKED_HTTP_401,,,,,,,,,,,NO_MATCH,,NO_IDENTITY_MATCH,GFW_FISHING_VESSELS_V3_BULK_ONLY,0,amti_hainan_militia,NOT_APPLICABLE_NO_STRONG_GFW_MATCH,Snowballing is required only for a strong/exact GFW match.,No exact MMSI match in the tested Fishing vessels v3 archive; this is not a global GFW no-match because online Vessel Search was token-blocked.
AMTI-MM-084,MARITIME_MILITIA,MILITIA;FISHING,YES,YES,MMSI,412520192,GFW_FISHING_VESSELS_V3_BULK,AUTH_BLOCKED_HTTP_401,,,,,,,,,,,NO_MATCH,,NO_IDENTITY_MATCH,GFW_FISHING_VESSELS_V3_BULK_ONLY,0,amti_hainan_militia,NOT_APPLICABLE_NO_STRONG_GFW_MATCH,Snowballing is required only for a strong/exact GFW match.,No exact MMSI match in the tested Fishing vessels v3 archive; this is not a global GFW no-match because online Vessel Search was token-blocked.
AMTI-MM-085,MARITIME_MILITIA,MILITIA;FISHING,YES,YES,MMSI,412520193,GFW_FISHING_VESSELS_V3_BULK,AUTH_BLOCKED_HTTP_401,,,,,,,,,,,NO_MATCH,,NO_IDENTITY_MATCH,GFW_FISHING_VESSELS_V3_BULK_ONLY,0,amti_hainan_militia,NOT_APPLICABLE_NO_STRONG_GFW_MATCH,Snowballing is required only for a strong/exact GFW match.,No exact MMSI match in the tested Fishing vessels v3 archive; this is not a global GFW no-match because online Vessel Search was token-blocked.
AMTI-MM-086,MARITIME_MILITIA,MILITIA;FISHING,YES,YES,MMSI,412520194,GFW_FISHING_VESSELS_V3_BULK,AUTH_BLOCKED_HTTP_401,,,,,,,,,,,NO_MATCH,,NO_IDENTITY_MATCH,GFW_FISHING_VESSELS_V3_BULK_ONLY,0,amti_hainan_militia,NOT_APPLICABLE_NO_STRONG_GFW_MATCH,Snowballing is required only for a strong/exact GFW match.,No exact MMSI match in the tested Fishing vessels v3 archive; this is not a global GFW no-match because online Vessel Search was token-blocked.
AMTI-MM-087,MARITIME_MILITIA,MILITIA;FISHING,YES,YES,MMSI,412520195,GFW_FISHING_VESSELS_V3_BULK,AUTH_BLOCKED_HTTP_401,,,,,,,,,,,NO_MATCH,,NO_IDENTITY_MATCH,GFW_FISHING_VESSELS_V3_BULK_ONLY,0,amti_hainan_militia,NOT_APPLICABLE_NO_STRONG_GFW_MATCH,Snowballing is required only for a strong/exact GFW match.,No exact MMSI match in the tested Fishing vessels v3 archive; this is not a global GFW no-match because online Vessel Search was token-blocked.
AMTI-MM-088,MARITIME_MILITIA,MILITIA;FISHING,YES,YES,MMSI,412520196,GFW_FISHING_VESSELS_V3_BULK,AUTH_BLOCKED_HTTP_401,,,,,,,,,,,NO_MATCH,,NO_IDENTITY_MATCH,GFW_FISHING_VESSELS_V3_BULK_ONLY,0,amti_hainan_militia,NOT_APPLICABLE_NO_STRONG_GFW_MATCH,Snowballing is required only for a strong/exact GFW match.,No exact MMSI match in the tested Fishing vessels v3 archive; this is not a global GFW no-match because online Vessel Search was token-blocked.
AMTI-MM-089,MARITIME_MILITIA,MILITIA;FISHING,YES,YES,MMSI,412520197,GFW_FISHING_VESSELS_V3_BULK,AUTH_BLOCKED_HTTP_401,,,,,,,,,,,NO_MATCH,,NO_IDENTITY_MATCH,GFW_FISHING_VESSELS_V3_BULK_ONLY,0,amti_hainan_militia,NOT_APPLICABLE_NO_STRONG_GFW_MATCH,Snowballing is required only for a strong/exact GFW match.,No exact MMSI match in the tested Fishing vessels v3 archive; this is not a global GFW no-match because online Vessel Search was token-blocked.
AMTI-MM-090,MARITIME_MILITIA,MILITIA;FISHING,YES,YES,MMSI,412520198,GFW_FISHING_VESSELS_V3_BULK,AUTH_BLOCKED_HTTP_401,,,,,,,,,,,NO_MATCH,,NO_IDENTITY_MATCH,GFW_FISHING_VESSELS_V3_BULK_ONLY,0,amti_hainan_militia,NOT_APPLICABLE_NO_STRONG_GFW_MATCH,Snowballing is required only for a strong/exact GFW match.,No exact MMSI match in the tested Fishing vessels v3 archive; this is not a global GFW no-match because online Vessel Search was token-blocked.
AMTI-MM-091,MARITIME_MILITIA,MILITIA;FISHING,YES,YES,MMSI,412520199,GFW_FISHING_VESSELS_V3_BULK,AUTH_BLOCKED_HTTP_401,,,,,,,,,,,NO_MATCH,,NO_IDENTITY_MATCH,GFW_FISHING_VESSELS_V3_BULK_ONLY,0,amti_hainan_militia,NOT_APPLICABLE_NO_STRONG_GFW_MATCH,Snowballing is required only for a strong/exact GFW match.,No exact MMSI match in the tested Fishing vessels v3 archive; this is not a global GFW no-match because online Vessel Search was token-blocked.
AMTI-MM-092,MARITIME_MILITIA,MILITIA;FISHING,YES,NO,NAME,Qiong Sanya Yu 72108,GFW_FISHING_VESSELS_V3_BULK,AUTH_BLOCKED_HTTP_401,,,,,,,,,,,NO_MATCH,,NOT_TESTED,GFW_FISHING_VESSELS_V3_BULK_ONLY,0,amti_hainan_militia,NOT_APPLICABLE_NO_STRONG_GFW_MATCH,Snowballing is required only for a strong/exact GFW match.,Strongest documented online query was prepared but not executed because the Vessel Search API returned HTTP 401 without an owner-supplied token; the public bulk archive cannot search this identifier type.
AMTI-MM-093,MARITIME_MILITIA,MILITIA;FISHING,YES,YES,MMSI,412524557,GFW_FISHING_VESSELS_V3_BULK,AUTH_BLOCKED_HTTP_401,,mmsi:412524557,,,412524557,,CHN,squid_jigger,2023-01-01,2024-12-31,EXACT_IDENTIFIER,1.0,IDENTITY_MATCH_NO_TRACK,GFW_FISHING_VESSELS_V3_BULK_ONLY,1,amti_hainan_militia,CHECKED_NO_MATERIALLY_NEW_SOURCE_LINK,Exact MMSI/name checked against the existing R3 crosswalk source-link inventory; the AMTI source link was already present and no new existing census repository link was established.,"Exact MMSI match in GFW Fishing vessels v3 bulk archive. The archive has annual identity/activity summaries, no GFW internal vessel ID and no positions. Online Vessel Search remained token-blocked."
AMTI-MM-094,MARITIME_MILITIA,MILITIA;FISHING,YES,YES,MMSI,412523272,GFW_FISHING_VESSELS_V3_BULK,AUTH_BLOCKED_HTTP_401,,,,,,,,,,,NO_MATCH,,NO_IDENTITY_MATCH,GFW_FISHING_VESSELS_V3_BULK_ONLY,0,amti_hainan_militia,NOT_APPLICABLE_NO_STRONG_GFW_MATCH,Snowballing is required only for a strong/exact GFW match.,No exact MMSI match in the tested Fishing vessels v3 archive; this is not a global GFW no-match because online Vessel Search was token-blocked.
AMTI-MM-095,MARITIME_MILITIA,MILITIA;FISHING,YES,YES,MMSI,412523671,GFW_FISHING_VESSELS_V3_BULK,AUTH_BLOCKED_HTTP_401,,,,,,,,,,,NO_MATCH,,NO_IDENTITY_MATCH,GFW_FISHING_VESSELS_V3_BULK_ONLY,0,amti_hainan_militia,NOT_APPLICABLE_NO_STRONG_GFW_MATCH,Snowballing is required only for a strong/exact GFW match.,No exact MMSI match in the tested Fishing vessels v3 archive; this is not a global GFW no-match because online Vessel Search was token-blocked.
AMTI-MM-096,MARITIME_MILITIA,MILITIA;FISHING,YES,NO,NAME,Qiong Sanya Yu 72125,GFW_FISHING_VESSELS_V3_BULK,AUTH_BLOCKED_HTTP_401,,,,,,,,,,,NO_MATCH,,NOT_TESTED,GFW_FISHING_VESSELS_V3_BULK_ONLY,0,amti_hainan_militia,NOT_APPLICABLE_NO_STRONG_GFW_MATCH,Snowballing is required only for a strong/exact GFW match.,Strongest documented online query was prepared but not executed because the Vessel Search API returned HTTP 401 without an owner-supplied token; the public bulk archive cannot search this identifier type.
AMTI-MM-097,MARITIME_MILITIA,MILITIA;FISHING,YES,YES,MMSI,412523256,GFW_FISHING_VESSELS_V3_BULK,AUTH_BLOCKED_HTTP_401,,,,,,,,,,,NO_MATCH,,NO_IDENTITY_MATCH,GFW_FISHING_VESSELS_V3_BULK_ONLY,0,amti_hainan_militia,NOT_APPLICABLE_NO_STRONG_GFW_MATCH,Snowballing is required only for a strong/exact GFW match.,No exact MMSI match in the tested Fishing vessels v3 archive; this is not a global GFW no-match because online Vessel Search was token-blocked.
AMTI-MM-098,MARITIME_MILITIA,MILITIA;FISHING,YES,YES,MMSI,412524461,GFW_FISHING_VESSELS_V3_BULK,AUTH_BLOCKED_HTTP_401,,,,,,,,,,,NO_MATCH,,NO_IDENTITY_MATCH,GFW_FISHING_VESSELS_V3_BULK_ONLY,0,amti_hainan_militia,NOT_APPLICABLE_NO_STRONG_GFW_MATCH,Snowballing is required only for a strong/exact GFW match.,No exact MMSI match in the tested Fishing vessels v3 archive; this is not a global GFW no-match because online Vessel Search was token-blocked.
AMTI-MM-099,MARITIME_MILITIA,MILITIA;FISHING,YES,YES,MMSI,412524449,GFW_FISHING_VESSELS_V3_BULK,AUTH_BLOCKED_HTTP_401,,mmsi:412524449,,,412524449,,CHN,fishing,2020-01-01,2024-12-31,EXACT_IDENTIFIER,1.0,IDENTITY_MATCH_NO_TRACK,GFW_FISHING_VESSELS_V3_BULK_ONLY,1,amti_hainan_militia,CHECKED_NO_MATERIALLY_NEW_SOURCE_LINK,Exact MMSI/name checked against the existing R3 crosswalk source-link inventory; the AMTI source link was already present and no new existing census repository link was established.,"Exact MMSI match in GFW Fishing vessels v3 bulk archive. The archive has annual identity/activity summaries, no GFW internal vessel ID and no positions. Online Vessel Search remained token-blocked."
AMTI-MM-100,MARITIME_MILITIA,MILITIA;FISHING,YES,YES,MMSI,412524443,GFW_FISHING_VESSELS_V3_BULK,AUTH_BLOCKED_HTTP_401,,mmsi:412524443,,,412524443,,CHN,fishing,2023-01-01,2024-12-31,EXACT_IDENTIFIER,1.0,IDENTITY_MATCH_NO_TRACK,GFW_FISHING_VESSELS_V3_BULK_ONLY,1,amti_hainan_militia,CHECKED_NO_MATERIALLY_NEW_SOURCE_LINK,Exact MMSI/name checked against the existing R3 crosswalk source-link inventory; the AMTI source link was already present and no new existing census repository link was established.,"Exact MMSI match in GFW Fishing vessels v3 bulk archive. The archive has annual identity/activity summaries, no GFW internal vessel ID and no positions. Online Vessel Search remained token-blocked."
AMTI-MM-101,MARITIME_MILITIA,MILITIA;FISHING,YES,YES,MMSI,412524436,GFW_FISHING_VESSELS_V3_BULK,AUTH_BLOCKED_HTTP_401,,,,,,,,,,,NO_MATCH,,NO_IDENTITY_MATCH,GFW_FISHING_VESSELS_V3_BULK_ONLY,0,amti_hainan_militia,NOT_APPLICABLE_NO_STRONG_GFW_MATCH,Snowballing is required only for a strong/exact GFW match.,No exact MMSI match in the tested Fishing vessels v3 archive; this is not a global GFW no-match because online Vessel Search was token-blocked.
AMTI-MM-102,MARITIME_MILITIA,MILITIA;FISHING,YES,YES,MMSI,412524433,GFW_FISHING_VESSELS_V3_BULK,AUTH_BLOCKED_HTTP_401,,mmsi:412524433,,,412524433,,CHN,fishing,2020-01-01,2024-12-31,EXACT_IDENTIFIER,1.0,IDENTITY_MATCH_NO_TRACK,GFW_FISHING_VESSELS_V3_BULK_ONLY,1,amti_hainan_militia,CHECKED_NO_MATERIALLY_NEW_SOURCE_LINK,Exact MMSI/name checked against the existing R3 crosswalk source-link inventory; the AMTI source link was already present and no new existing census repository link was established.,"Exact MMSI match in GFW Fishing vessels v3 bulk archive. The archive has annual identity/activity summaries, no GFW internal vessel ID and no positions. Online Vessel Search remained token-blocked."
AMTI-MM-103,MARITIME_MILITIA,MILITIA;FISHING,YES,YES,MMSI,412523613,GFW_FISHING_VESSELS_V3_BULK,AUTH_BLOCKED_HTTP_401,,mmsi:412523613,,,412523613,,CHN,fishing,2023-01-01,2024-12-31,EXACT_IDENTIFIER,1.0,IDENTITY_MATCH_NO_TRACK,GFW_FISHING_VESSELS_V3_BULK_ONLY,1,amti_hainan_militia,CHECKED_NO_MATERIALLY_NEW_SOURCE_LINK,Exact MMSI/name checked against the existing R3 crosswalk source-link inventory; the AMTI source link was already present and no new existing census repository link was established.,"Exact MMSI match in GFW Fishing vessels v3 bulk archive. The archive has annual identity/activity summaries, no GFW internal vessel ID and no positions. Online Vessel Search remained token-blocked."
AMTI-MM-104,MARITIME_MILITIA,MILITIA;FISHING,YES,NO,NAME,Qiong Sanya Yu 72199,GFW_FISHING_VESSELS_V3_BULK,AUTH_BLOCKED_HTTP_401,,,,,,,,,,,NO_MATCH,,NOT_TESTED,GFW_FISHING_VESSELS_V3_BULK_ONLY,0,amti_hainan_militia,NOT_APPLICABLE_NO_STRONG_GFW_MATCH,Snowballing is required only for a strong/exact GFW match.,Strongest documented online query was prepared but not executed because the Vessel Search API returned HTTP 401 without an owner-supplied token; the public bulk archive cannot search this identifier type.
AMTI-MM-105,MARITIME_MILITIA,MILITIA;FISHING,YES,YES,MMSI,412520375,GFW_FISHING_VESSELS_V3_BULK,AUTH_BLOCKED_HTTP_401,,mmsi:412520375,,,412520375,,CHN,trawlers,2024-01-01,2024-12-31,EXACT_IDENTIFIER,1.0,IDENTITY_MATCH_NO_TRACK,GFW_FISHING_VESSELS_V3_BULK_ONLY,1,amti_hainan_militia,CHECKED_NO_MATERIALLY_NEW_SOURCE_LINK,Exact MMSI/name checked against the existing R3 crosswalk source-link inventory; the AMTI source link was already present and no new existing census repository link was established.,"Exact MMSI match in GFW Fishing vessels v3 bulk archive. The archive has annual identity/activity summaries, no GFW internal vessel ID and no positions. Online Vessel Search remained token-blocked."
AMTI-MM-106,MARITIME_MILITIA,MILITIA;FISHING,YES,YES,MMSI,412523165,GFW_FISHING_VESSELS_V3_BULK,AUTH_BLOCKED_HTTP_401,,,,,,,,,,,NO_MATCH,,NO_IDENTITY_MATCH,GFW_FISHING_VESSELS_V3_BULK_ONLY,0,amti_hainan_militia,NOT_APPLICABLE_NO_STRONG_GFW_MATCH,Snowballing is required only for a strong/exact GFW match.,No exact MMSI match in the tested Fishing vessels v3 archive; this is not a global GFW no-match because online Vessel Search was token-blocked.
AMTI-MM-107,MARITIME_MILITIA,MILITIA;FISHING,YES,YES,MMSI,412311586,GFW_FISHING_VESSELS_V3_BULK,AUTH_BLOCKED_HTTP_401,,,,,,,,,,,NO_MATCH,,NO_IDENTITY_MATCH,GFW_FISHING_VESSELS_V3_BULK_ONLY,0,amti_hainan_militia,NOT_APPLICABLE_NO_STRONG_GFW_MATCH,Snowballing is required only for a strong/exact GFW match.,No exact MMSI match in the tested Fishing vessels v3 archive; this is not a global GFW no-match because online Vessel Search was token-blocked.
AMTI-MM-108,MARITIME_MILITIA,MILITIA;FISHING,YES,YES,MMSI,412523024,GFW_FISHING_VESSELS_V3_BULK,AUTH_BLOCKED_HTTP_401,,,,,,,,,,,NO_MATCH,,NO_IDENTITY_MATCH,GFW_FISHING_VESSELS_V3_BULK_ONLY,0,amti_hainan_militia,NOT_APPLICABLE_NO_STRONG_GFW_MATCH,Snowballing is required only for a strong/exact GFW match.,No exact MMSI match in the tested Fishing vessels v3 archive; this is not a global GFW no-match because online Vessel Search was token-blocked.
AMTI-MM-109,MARITIME_MILITIA,MILITIA;FISHING,YES,YES,MMSI,412618066,GFW_FISHING_VESSELS_V3_BULK,AUTH_BLOCKED_HTTP_401,,,,,,,,,,,NO_MATCH,,NO_IDENTITY_MATCH,GFW_FISHING_VESSELS_V3_BULK_ONLY,0,amti_hainan_militia,NOT_APPLICABLE_NO_STRONG_GFW_MATCH,Snowballing is required only for a strong/exact GFW match.,No exact MMSI match in the tested Fishing vessels v3 archive; this is not a global GFW no-match because online Vessel Search was token-blocked.
AMTI-MM-110,MARITIME_MILITIA,MILITIA;FISHING,YES,YES,MMSI,412520235,GFW_FISHING_VESSELS_V3_BULK,AUTH_BLOCKED_HTTP_401,,mmsi:412520235,,,412520235,,CHN,fishing,2017-01-01,2024-12-31,EXACT_IDENTIFIER,1.0,IDENTITY_MATCH_NO_TRACK,GFW_FISHING_VESSELS_V3_BULK_ONLY,1,amti_hainan_militia,CHECKED_NO_MATERIALLY_NEW_SOURCE_LINK,Exact MMSI/name checked against the existing R3 crosswalk source-link inventory; the AMTI source link was already present and no new existing census repository link was established.,"Exact MMSI match in GFW Fishing vessels v3 bulk archive. The archive has annual identity/activity summaries, no GFW internal vessel ID and no positions. Online Vessel Search remained token-blocked."
AMTI-MM-111,MARITIME_MILITIA,MILITIA;FISHING,YES,YES,MMSI,412521143,GFW_FISHING_VESSELS_V3_BULK,AUTH_BLOCKED_HTTP_401,,,,,,,,,,,NO_MATCH,,NO_IDENTITY_MATCH,GFW_FISHING_VESSELS_V3_BULK_ONLY,0,amti_hainan_militia,NOT_APPLICABLE_NO_STRONG_GFW_MATCH,Snowballing is required only for a strong/exact GFW match.,No exact MMSI match in the tested Fishing vessels v3 archive; this is not a global GFW no-match because online Vessel Search was token-blocked.
AMTI-MM-112,MARITIME_MILITIA,MILITIA;FISHING,YES,YES,MMSI,412521957,GFW_FISHING_VESSELS_V3_BULK,AUTH_BLOCKED_HTTP_401,,,,,,,,,,,NO_MATCH,,NO_IDENTITY_MATCH,GFW_FISHING_VESSELS_V3_BULK_ONLY,0,amti_hainan_militia,NOT_APPLICABLE_NO_STRONG_GFW_MATCH,Snowballing is required only for a strong/exact GFW match.,No exact MMSI match in the tested Fishing vessels v3 archive; this is not a global GFW no-match because online Vessel Search was token-blocked.
AMTI-MM-113,MARITIME_MILITIA,MILITIA;FISHING,YES,YES,MMSI,412521956,GFW_FISHING_VESSELS_V3_BULK,AUTH_BLOCKED_HTTP_401,,,,,,,,,,,NO_MATCH,,NO_IDENTITY_MATCH,GFW_FISHING_VESSELS_V3_BULK_ONLY,0,amti_hainan_militia,NOT_APPLICABLE_NO_STRONG_GFW_MATCH,Snowballing is required only for a strong/exact GFW match.,No exact MMSI match in the tested Fishing vessels v3 archive; this is not a global GFW no-match because online Vessel Search was token-blocked.
AMTI-MM-114,MARITIME_MILITIA,MILITIA;FISHING,YES,YES,MMSI,412521609,GFW_FISHING_VESSELS_V3_BULK,AUTH_BLOCKED_HTTP_401,,,,,,,,,,,NO_MATCH,,NO_IDENTITY_MATCH,GFW_FISHING_VESSELS_V3_BULK_ONLY,0,amti_hainan_militia,NOT_APPLICABLE_NO_STRONG_GFW_MATCH,Snowballing is required only for a strong/exact GFW match.,No exact MMSI match in the tested Fishing vessels v3 archive; this is not a global GFW no-match because online Vessel Search was token-blocked.
AMTI-MM-115,MARITIME_MILITIA,MILITIA;FISHING,YES,YES,MMSI,412521618,GFW_FISHING_VESSELS_V3_BULK,AUTH_BLOCKED_HTTP_401,,,,,,,,,,,NO_MATCH,,NO_IDENTITY_MATCH,GFW_FISHING_VESSELS_V3_BULK_ONLY,0,amti_hainan_militia,NOT_APPLICABLE_NO_STRONG_GFW_MATCH,Snowballing is required only for a strong/exact GFW match.,No exact MMSI match in the tested Fishing vessels v3 archive; this is not a global GFW no-match because online Vessel Search was token-blocked.
AMTI-MM-116,MARITIME_MILITIA,MILITIA;FISHING,YES,YES,MMSI,412512177,GFW_FISHING_VESSELS_V3_BULK,AUTH_BLOCKED_HTTP_401,,mmsi:412512177,,,412512177,,CHN,pole_and_line,2023-01-01,2024-12-31,EXACT_IDENTIFIER,1.0,IDENTITY_MATCH_NO_TRACK,GFW_FISHING_VESSELS_V3_BULK_ONLY,1,amti_hainan_militia,CHECKED_NO_MATERIALLY_NEW_SOURCE_LINK,Exact MMSI/name checked against the existing R3 crosswalk source-link inventory; the AMTI source link was already present and no new existing census repository link was established.,"Exact MMSI match in GFW Fishing vessels v3 bulk archive. The archive has annual identity/activity summaries, no GFW internal vessel ID and no positions. Online Vessel Search remained token-blocked."
AMTI-MM-117,MARITIME_MILITIA,MILITIA;FISHING,YES,YES,MMSI,415240106,GFW_FISHING_VESSELS_V3_BULK,AUTH_BLOCKED_HTTP_401,,,,,,,,,,,NO_MATCH,,NO_IDENTITY_MATCH,GFW_FISHING_VESSELS_V3_BULK_ONLY,0,amti_hainan_militia,NOT_APPLICABLE_NO_STRONG_GFW_MATCH,Snowballing is required only for a strong/exact GFW match.,No exact MMSI match in the tested Fishing vessels v3 archive; this is not a global GFW no-match because online Vessel Search was token-blocked.
AMTI-MM-118,MARITIME_MILITIA,MILITIA;FISHING,YES,YES,MMSI,412522105,GFW_FISHING_VESSELS_V3_BULK,AUTH_BLOCKED_HTTP_401,,,,,,,,,,,NO_MATCH,,NO_IDENTITY_MATCH,GFW_FISHING_VESSELS_V3_BULK_ONLY,0,amti_hainan_militia,NOT_APPLICABLE_NO_STRONG_GFW_MATCH,Snowballing is required only for a strong/exact GFW match.,No exact MMSI match in the tested Fishing vessels v3 archive; this is not a global GFW no-match because online Vessel Search was token-blocked.
AMTI-MM-119,MARITIME_MILITIA,MILITIA;FISHING,YES,YES,MMSI,412522116,GFW_FISHING_VESSELS_V3_BULK,AUTH_BLOCKED_HTTP_401,,mmsi:412522116,,,412522116,,CHN,pole_and_line,2024-01-01,2024-12-31,EXACT_IDENTIFIER,1.0,IDENTITY_MATCH_NO_TRACK,GFW_FISHING_VESSELS_V3_BULK_ONLY,1,amti_hainan_militia,CHECKED_NO_MATERIALLY_NEW_SOURCE_LINK,Exact MMSI/name checked against the existing R3 crosswalk source-link inventory; the AMTI source link was already present and no new existing census repository link was established.,"Exact MMSI match in GFW Fishing vessels v3 bulk archive. The archive has annual identity/activity summaries, no GFW internal vessel ID and no positions. Online Vessel Search remained token-blocked."
AMTI-MM-120,MARITIME_MILITIA,MILITIA;FISHING,YES,YES,MMSI,412522122,GFW_FISHING_VESSELS_V3_BULK,AUTH_BLOCKED_HTTP_401,,,,,,,,,,,NO_MATCH,,NO_IDENTITY_MATCH,GFW_FISHING_VESSELS_V3_BULK_ONLY,0,amti_hainan_militia,NOT_APPLICABLE_NO_STRONG_GFW_MATCH,Snowballing is required only for a strong/exact GFW match.,No exact MMSI match in the tested Fishing vessels v3 archive; this is not a global GFW no-match because online Vessel Search was token-blocked.
AMTI-MM-121,MARITIME_MILITIA,MILITIA;FISHING,YES,YES,MMSI,412522146,GFW_FISHING_VESSELS_V3_BULK,AUTH_BLOCKED_HTTP_401,,,,,,,,,,,NO_MATCH,,NO_IDENTITY_MATCH,GFW_FISHING_VESSELS_V3_BULK_ONLY,0,amti_hainan_militia,NOT_APPLICABLE_NO_STRONG_GFW_MATCH,Snowballing is required only for a strong/exact GFW match.,No exact MMSI match in the tested Fishing vessels v3 archive; this is not a global GFW no-match because online Vessel Search was token-blocked.
AMTI-MM-122,MARITIME_MILITIA,MILITIA;FISHING,YES,YES,MMSI,412522154,GFW_FISHING_VESSELS_V3_BULK,AUTH_BLOCKED_HTTP_401,,mmsi:412522154,,,412522154,,CHN,fishing,2023-01-01,2024-12-31,EXACT_IDENTIFIER,1.0,IDENTITY_MATCH_NO_TRACK,GFW_FISHING_VESSELS_V3_BULK_ONLY,1,amti_hainan_militia,CHECKED_NO_MATERIALLY_NEW_SOURCE_LINK,Exact MMSI/name checked against the existing R3 crosswalk source-link inventory; the AMTI source link was already present and no new existing census repository link was established.,"Exact MMSI match in GFW Fishing vessels v3 bulk archive. The archive has annual identity/activity summaries, no GFW internal vessel ID and no positions. Online Vessel Search remained token-blocked."
AMTI-MM-123,MARITIME_MILITIA,MILITIA;FISHING,YES,YES,MMSI,412520752,GFW_FISHING_VESSELS_V3_BULK,AUTH_BLOCKED_HTTP_401,,mmsi:415000568,,,415000568,,UNKNOWN-CHN;UNKNOWN-TWN,fixed_gear,2018-01-01,2024-12-31,EXACT_IDENTIFIER,1.0,IDENTITY_MATCH_NO_TRACK,GFW_FISHING_VESSELS_V3_BULK_ONLY,1,amti_hainan_militia,CHECKED_NO_MATERIALLY_NEW_SOURCE_LINK,Exact MMSI/name checked against the existing R3 crosswalk source-link inventory; the AMTI source link was already present and no new existing census repository link was established.,"Exact MMSI match in GFW Fishing vessels v3 bulk archive. The archive has annual identity/activity summaries, no GFW internal vessel ID and no positions. Online Vessel Search remained token-blocked."
AMTI-MM-124,MARITIME_MILITIA,MILITIA;FISHING,YES,YES,MMSI,412522992,GFW_FISHING_VESSELS_V3_BULK,AUTH_BLOCKED_HTTP_401,,,,,,,,,,,NO_MATCH,,NO_IDENTITY_MATCH,GFW_FISHING_VESSELS_V3_BULK_ONLY,0,amti_hainan_militia,NOT_APPLICABLE_NO_STRONG_GFW_MATCH,Snowballing is required only for a strong/exact GFW match.,No exact MMSI match in the tested Fishing vessels v3 archive; this is not a global GFW no-match because online Vessel Search was token-blocked.
AMTI-MM-125,MARITIME_MILITIA,MILITIA;FISHING,YES,YES,MMSI,412530321,GFW_FISHING_VESSELS_V3_BULK,AUTH_BLOCKED_HTTP_401,,,,,,,,,,,NO_MATCH,,NO_IDENTITY_MATCH,GFW_FISHING_VESSELS_V3_BULK_ONLY,0,amti_hainan_militia,NOT_APPLICABLE_NO_STRONG_GFW_MATCH,Snowballing is required only for a strong/exact GFW match.,No exact MMSI match in the tested Fishing vessels v3 archive; this is not a global GFW no-match because online Vessel Search was token-blocked.
AMTI-MM-126,MARITIME_MILITIA,MILITIA;FISHING,YES,YES,MMSI,412521509,GFW_FISHING_VESSELS_V3_BULK,AUTH_BLOCKED_HTTP_401,,,,,,,,,,,NO_MATCH,,NO_IDENTITY_MATCH,GFW_FISHING_VESSELS_V3_BULK_ONLY,0,amti_hainan_militia,NOT_APPLICABLE_NO_STRONG_GFW_MATCH,Snowballing is required only for a strong/exact GFW match.,No exact MMSI match in the tested Fishing vessels v3 archive; this is not a global GFW no-match because online Vessel Search was token-blocked.
AMTI-MM-127,MARITIME_MILITIA,MILITIA;FISHING,YES,YES,MMSI,412345687,GFW_FISHING_VESSELS_V3_BULK,AUTH_BLOCKED_HTTP_401,,mmsi:412345687,,,412345687,,CHN,fishing,2012-01-01,2024-12-31,EXACT_IDENTIFIER,1.0,IDENTITY_MATCH_NO_TRACK,GFW_FISHING_VESSELS_V3_BULK_ONLY,1,amti_hainan_militia,CHECKED_NO_MATERIALLY_NEW_SOURCE_LINK,Exact MMSI/name checked against the existing R3 crosswalk source-link inventory; the AMTI source link was already present and no new existing census repository link was established.,"Exact MMSI match in GFW Fishing vessels v3 bulk archive. The archive has annual identity/activity summaries, no GFW internal vessel ID and no positions. Online Vessel Search remained token-blocked."
AMTI-MM-128,MARITIME_MILITIA,MILITIA;FISHING,YES,YES,MMSI,412524656,GFW_FISHING_VESSELS_V3_BULK,AUTH_BLOCKED_HTTP_401,,,,,,,,,,,NO_MATCH,,NO_IDENTITY_MATCH,GFW_FISHING_VESSELS_V3_BULK_ONLY,0,amti_hainan_militia,NOT_APPLICABLE_NO_STRONG_GFW_MATCH,Snowballing is required only for a strong/exact GFW match.,No exact MMSI match in the tested Fishing vessels v3 archive; this is not a global GFW no-match because online Vessel Search was token-blocked.
AMTI-MM-129,MARITIME_MILITIA,MILITIA;FISHING,YES,YES,MMSI,412520696,GFW_FISHING_VESSELS_V3_BULK,AUTH_BLOCKED_HTTP_401,,,,,,,,,,,NO_MATCH,,NO_IDENTITY_MATCH,GFW_FISHING_VESSELS_V3_BULK_ONLY,0,amti_hainan_militia,NOT_APPLICABLE_NO_STRONG_GFW_MATCH,Snowballing is required only for a strong/exact GFW match.,No exact MMSI match in the tested Fishing vessels v3 archive; this is not a global GFW no-match because online Vessel Search was token-blocked.
AMTI-MM-130,MARITIME_MILITIA,MILITIA;FISHING,YES,YES,MMSI,412520346,GFW_FISHING_VESSELS_V3_BULK,AUTH_BLOCKED_HTTP_401,,mmsi:412520346,,,412520346,,CHN,trawlers,2018-01-01,2018-12-31,EXACT_IDENTIFIER,1.0,IDENTITY_MATCH_NO_TRACK,GFW_FISHING_VESSELS_V3_BULK_ONLY,1,amti_hainan_militia,CHECKED_NO_MATERIALLY_NEW_SOURCE_LINK,Exact MMSI/name checked against the existing R3 crosswalk source-link inventory; the AMTI source link was already present and no new existing census repository link was established.,"Exact MMSI match in GFW Fishing vessels v3 bulk archive. The archive has annual identity/activity summaries, no GFW internal vessel ID and no positions. Online Vessel Search remained token-blocked."
AMTI-MM-131,MARITIME_MILITIA,MILITIA;FISHING,YES,YES,MMSI,412522309,GFW_FISHING_VESSELS_V3_BULK,AUTH_BLOCKED_HTTP_401,,,,,,,,,,,NO_MATCH,,NO_IDENTITY_MATCH,GFW_FISHING_VESSELS_V3_BULK_ONLY,0,amti_hainan_militia,NOT_APPLICABLE_NO_STRONG_GFW_MATCH,Snowballing is required only for a strong/exact GFW match.,No exact MMSI match in the tested Fishing vessels v3 archive; this is not a global GFW no-match because online Vessel Search was token-blocked.
AMTI-MM-132,MARITIME_MILITIA,MILITIA;FISHING,YES,YES,MMSI,412523326,GFW_FISHING_VESSELS_V3_BULK,AUTH_BLOCKED_HTTP_401,,,,,,,,,,,NO_MATCH,,NO_IDENTITY_MATCH,GFW_FISHING_VESSELS_V3_BULK_ONLY,0,amti_hainan_militia,NOT_APPLICABLE_NO_STRONG_GFW_MATCH,Snowballing is required only for a strong/exact GFW match.,No exact MMSI match in the tested Fishing vessels v3 archive; this is not a global GFW no-match because online Vessel Search was token-blocked.
AMTI-MM-133,MARITIME_MILITIA,MILITIA;FISHING,YES,YES,MMSI,412522906,GFW_FISHING_VESSELS_V3_BULK,AUTH_BLOCKED_HTTP_401,,,,,,,,,,,NO_MATCH,,NO_IDENTITY_MATCH,GFW_FISHING_VESSELS_V3_BULK_ONLY,0,amti_hainan_militia,NOT_APPLICABLE_NO_STRONG_GFW_MATCH,Snowballing is required only for a strong/exact GFW match.,No exact MMSI match in the tested Fishing vessels v3 archive; this is not a global GFW no-match because online Vessel Search was token-blocked.
AMTI-MM-134,MARITIME_MILITIA,MILITIA;FISHING,YES,YES,MMSI,412524963,GFW_FISHING_VESSELS_V3_BULK,AUTH_BLOCKED_HTTP_401,,,,,,,,,,,NO_MATCH,,NO_IDENTITY_MATCH,GFW_FISHING_VESSELS_V3_BULK_ONLY,0,amti_hainan_militia,NOT_APPLICABLE_NO_STRONG_GFW_MATCH,Snowballing is required only for a strong/exact GFW match.,No exact MMSI match in the tested Fishing vessels v3 archive; this is not a global GFW no-match because online Vessel Search was token-blocked.
AMTI-MM-135,MARITIME_MILITIA,MILITIA;FISHING,YES,YES,MMSI,412522699,GFW_FISHING_VESSELS_V3_BULK,AUTH_BLOCKED_HTTP_401,,,,,,,,,,,NO_MATCH,,NO_IDENTITY_MATCH,GFW_FISHING_VESSELS_V3_BULK_ONLY,0,amti_hainan_militia,NOT_APPLICABLE_NO_STRONG_GFW_MATCH,Snowballing is required only for a strong/exact GFW match.,No exact MMSI match in the tested Fishing vessels v3 archive; this is not a global GFW no-match because online Vessel Search was token-blocked.
AMTI-MM-136,MARITIME_MILITIA,MILITIA;FISHING,YES,YES,MMSI,412521404,GFW_FISHING_VESSELS_V3_BULK,AUTH_BLOCKED_HTTP_401,,,,,,,,,,,NO_MATCH,,NO_IDENTITY_MATCH,GFW_FISHING_VESSELS_V3_BULK_ONLY,0,amti_hainan_militia,NOT_APPLICABLE_NO_STRONG_GFW_MATCH,Snowballing is required only for a strong/exact GFW match.,No exact MMSI match in the tested Fishing vessels v3 archive; this is not a global GFW no-match because online Vessel Search was token-blocked.
AMTI-MM-137,MARITIME_MILITIA,MILITIA;FISHING,YES,YES,MMSI,412520014,GFW_FISHING_VESSELS_V3_BULK,AUTH_BLOCKED_HTTP_401,,,,,,,,,,,NO_MATCH,,NO_IDENTITY_MATCH,GFW_FISHING_VESSELS_V3_BULK_ONLY,0,amti_hainan_militia,NOT_APPLICABLE_NO_STRONG_GFW_MATCH,Snowballing is required only for a strong/exact GFW match.,No exact MMSI match in the tested Fishing vessels v3 archive; this is not a global GFW no-match because online Vessel Search was token-blocked.
AMTI-MM-138,MARITIME_MILITIA,MILITIA;FISHING,YES,YES,MMSI,412230085,GFW_FISHING_VESSELS_V3_BULK,AUTH_BLOCKED_HTTP_401,,,,,,,,,,,NO_MATCH,,NO_IDENTITY_MATCH,GFW_FISHING_VESSELS_V3_BULK_ONLY,0,amti_hainan_militia,NOT_APPLICABLE_NO_STRONG_GFW_MATCH,Snowballing is required only for a strong/exact GFW match.,No exact MMSI match in the tested Fishing vessels v3 archive; this is not a global GFW no-match because online Vessel Search was token-blocked.
AMTI-MM-139,MARITIME_MILITIA,MILITIA;FISHING,YES,YES,MMSI,412523528,GFW_FISHING_VESSELS_V3_BULK,AUTH_BLOCKED_HTTP_401,,mmsi:412523528,,,412523528,,CHN,fishing,2022-01-01,2024-12-31,EXACT_IDENTIFIER,1.0,IDENTITY_MATCH_NO_TRACK,GFW_FISHING_VESSELS_V3_BULK_ONLY,1,amti_hainan_militia,CHECKED_NO_MATERIALLY_NEW_SOURCE_LINK,Exact MMSI/name checked against the existing R3 crosswalk source-link inventory; the AMTI source link was already present and no new existing census repository link was established.,"Exact MMSI match in GFW Fishing vessels v3 bulk archive. The archive has annual identity/activity summaries, no GFW internal vessel ID and no positions. Online Vessel Search remained token-blocked."
AMTI-MM-140,MARITIME_MILITIA,MILITIA;FISHING,YES,YES,MMSI,412521523,GFW_FISHING_VESSELS_V3_BULK,AUTH_BLOCKED_HTTP_401,,,,,,,,,,,NO_MATCH,,NO_IDENTITY_MATCH,GFW_FISHING_VESSELS_V3_BULK_ONLY,0,amti_hainan_militia,NOT_APPLICABLE_NO_STRONG_GFW_MATCH,Snowballing is required only for a strong/exact GFW match.,No exact MMSI match in the tested Fishing vessels v3 archive; this is not a global GFW no-match because online Vessel Search was token-blocked.
AMTI-MM-141,MARITIME_MILITIA,MILITIA;FISHING,YES,YES,MMSI,412521885,GFW_FISHING_VESSELS_V3_BULK,AUTH_BLOCKED_HTTP_401,,,,,,,,,,,NO_MATCH,,NO_IDENTITY_MATCH,GFW_FISHING_VESSELS_V3_BULK_ONLY,0,amti_hainan_militia,NOT_APPLICABLE_NO_STRONG_GFW_MATCH,Snowballing is required only for a strong/exact GFW match.,No exact MMSI match in the tested Fishing vessels v3 archive; this is not a global GFW no-match because online Vessel Search was token-blocked.
AMTI-MM-142,MARITIME_MILITIA,MILITIA;FISHING,YES,YES,MMSI,412520344,GFW_FISHING_VESSELS_V3_BULK,AUTH_BLOCKED_HTTP_401,,,,,,,,,,,NO_MATCH,,NO_IDENTITY_MATCH,GFW_FISHING_VESSELS_V3_BULK_ONLY,0,amti_hainan_militia,NOT_APPLICABLE_NO_STRONG_GFW_MATCH,Snowballing is required only for a strong/exact GFW match.,No exact MMSI match in the tested Fishing vessels v3 archive; this is not a global GFW no-match because online Vessel Search was token-blocked.
AMTI-MM-143,MARITIME_MILITIA,MILITIA;FISHING,YES,YES,MMSI,412520437,GFW_FISHING_VESSELS_V3_BULK,AUTH_BLOCKED_HTTP_401,,mmsi:412520437,,,412520437,,CHN,trawlers,2023-01-01,2024-12-31,EXACT_IDENTIFIER,1.0,IDENTITY_MATCH_NO_TRACK,GFW_FISHING_VESSELS_V3_BULK_ONLY,1,amti_hainan_militia,CHECKED_NO_MATERIALLY_NEW_SOURCE_LINK,Exact MMSI/name checked against the existing R3 crosswalk source-link inventory; the AMTI source link was already present and no new existing census repository link was established.,"Exact MMSI match in GFW Fishing vessels v3 bulk archive. The archive has annual identity/activity summaries, no GFW internal vessel ID and no positions. Online Vessel Search remained token-blocked."
AMTI-MM-144,MARITIME_MILITIA,MILITIA;FISHING,YES,YES,MMSI,412524906,GFW_FISHING_VESSELS_V3_BULK,AUTH_BLOCKED_HTTP_401,,,,,,,,,,,NO_MATCH,,NO_IDENTITY_MATCH,GFW_FISHING_VESSELS_V3_BULK_ONLY,0,amti_hainan_militia,NOT_APPLICABLE_NO_STRONG_GFW_MATCH,Snowballing is required only for a strong/exact GFW match.,No exact MMSI match in the tested Fishing vessels v3 archive; this is not a global GFW no-match because online Vessel Search was token-blocked.
AMTI-MM-145,MARITIME_MILITIA,MILITIA;FISHING,YES,YES,MMSI,412521535,GFW_FISHING_VESSELS_V3_BULK,AUTH_BLOCKED_HTTP_401,,,,,,,,,,,NO_MATCH,,NO_IDENTITY_MATCH,GFW_FISHING_VESSELS_V3_BULK_ONLY,0,amti_hainan_militia,NOT_APPLICABLE_NO_STRONG_GFW_MATCH,Snowballing is required only for a strong/exact GFW match.,No exact MMSI match in the tested Fishing vessels v3 archive; this is not a global GFW no-match because online Vessel Search was token-blocked.
AMTI-MM-146,MARITIME_MILITIA,MILITIA;FISHING,YES,YES,MMSI,412521982,GFW_FISHING_VESSELS_V3_BULK,AUTH_BLOCKED_HTTP_401,,,,,,,,,,,NO_MATCH,,NO_IDENTITY_MATCH,GFW_FISHING_VESSELS_V3_BULK_ONLY,0,amti_hainan_militia,NOT_APPLICABLE_NO_STRONG_GFW_MATCH,Snowballing is required only for a strong/exact GFW match.,No exact MMSI match in the tested Fishing vessels v3 archive; this is not a global GFW no-match because online Vessel Search was token-blocked.
AMTI-MM-147,MARITIME_MILITIA,MILITIA;FISHING,YES,YES,MMSI,412524975,GFW_FISHING_VESSELS_V3_BULK,AUTH_BLOCKED_HTTP_401,,,,,,,,,,,NO_MATCH,,NO_IDENTITY_MATCH,GFW_FISHING_VESSELS_V3_BULK_ONLY,0,amti_hainan_militia,NOT_APPLICABLE_NO_STRONG_GFW_MATCH,Snowballing is required only for a strong/exact GFW match.,No exact MMSI match in the tested Fishing vessels v3 archive; this is not a global GFW no-match because online Vessel Search was token-blocked.
AMTI-MM-148,MARITIME_MILITIA,MILITIA;FISHING,YES,YES,MMSI,412520433,GFW_FISHING_VESSELS_V3_BULK,AUTH_BLOCKED_HTTP_401,,,,,,,,,,,NO_MATCH,,NO_IDENTITY_MATCH,GFW_FISHING_VESSELS_V3_BULK_ONLY,0,amti_hainan_militia,NOT_APPLICABLE_NO_STRONG_GFW_MATCH,Snowballing is required only for a strong/exact GFW match.,No exact MMSI match in the tested Fishing vessels v3 archive; this is not a global GFW no-match because online Vessel Search was token-blocked.
AMTI-MM-149,MARITIME_MILITIA,MILITIA;FISHING,YES,YES,MMSI,412524943,GFW_FISHING_VESSELS_V3_BULK,AUTH_BLOCKED_HTTP_401,,,,,,,,,,,NO_MATCH,,NO_IDENTITY_MATCH,GFW_FISHING_VESSELS_V3_BULK_ONLY,0,amti_hainan_militia,NOT_APPLICABLE_NO_STRONG_GFW_MATCH,Snowballing is required only for a strong/exact GFW match.,No exact MMSI match in the tested Fishing vessels v3 archive; this is not a global GFW no-match because online Vessel Search was token-blocked.
PLAN-533,PLAN,PLAN,YES,NO,OTHER,533,GFW_FISHING_VESSELS_V3_BULK,AUTH_BLOCKED_HTTP_401,,,,,,,,,,,NO_MATCH,,NOT_TESTED,GFW_FISHING_VESSELS_V3_BULK_ONLY,0,japan_joint_staff,NOT_APPLICABLE_NO_STRONG_GFW_MATCH,Snowballing is required only for a strong/exact GFW match.,Strongest documented online query was prepared but not executed because the Vessel Search API returned HTTP 401 without an owner-supplied token; the public bulk archive cannot search this identifier type.
PLAN-530,PLAN,PLAN,YES,NO,OTHER,530,GFW_FISHING_VESSELS_V3_BULK,AUTH_BLOCKED_HTTP_401,,,,,,,,,,,NO_MATCH,,NOT_TESTED,GFW_FISHING_VESSELS_V3_BULK_ONLY,0,japan_joint_staff,NOT_APPLICABLE_NO_STRONG_GFW_MATCH,Snowballing is required only for a strong/exact GFW match.,Strongest documented online query was prepared but not executed because the Vessel Search API returned HTTP 401 without an owner-supplied token; the public bulk archive cannot search this identifier type.
PLAN-796,PLAN,PLAN,YES,NO,OTHER,796,GFW_FISHING_VESSELS_V3_BULK,AUTH_BLOCKED_HTTP_401,,,,,,,,,,,NO_MATCH,,NOT_TESTED,GFW_FISHING_VESSELS_V3_BULK_ONLY,0,japan_joint_staff,NOT_APPLICABLE_NO_STRONG_GFW_MATCH,Snowballing is required only for a strong/exact GFW match.,Strongest documented online query was prepared but not executed because the Vessel Search API returned HTTP 401 without an owner-supplied token; the public bulk archive cannot search this identifier type.
PLAN-17,PLAN,PLAN,YES,NO,OTHER,17,GFW_FISHING_VESSELS_V3_BULK,AUTH_BLOCKED_HTTP_401,,,,,,,,,,,NO_MATCH,,NOT_TESTED,GFW_FISHING_VESSELS_V3_BULK_ONLY,0,japan_joint_staff,NOT_APPLICABLE_NO_STRONG_GFW_MATCH,Snowballing is required only for a strong/exact GFW match.,Strongest documented online query was prepared but not executed because the Vessel Search API returned HTTP 401 without an owner-supplied token; the public bulk archive cannot search this identifier type.
CCG-2304,CCG,CCG,YES,NO,OTHER,2304,GFW_FISHING_VESSELS_V3_BULK,AUTH_BLOCKED_HTTP_401,,,,,,,,,,,NO_MATCH,,NOT_TESTED,GFW_FISHING_VESSELS_V3_BULK_ONLY,0,taiwan_cga;amti_ccg_trackers,NOT_APPLICABLE_NO_STRONG_GFW_MATCH,Snowballing is required only for a strong/exact GFW match.,Strongest documented online query was prepared but not executed because the Vessel Search API returned HTTP 401 without an owner-supplied token; the public bulk archive cannot search this identifier type.
CCG-2502,CCG,CCG,YES,NO,OTHER,2502,GFW_FISHING_VESSELS_V3_BULK,AUTH_BLOCKED_HTTP_401,,,,,,,,,,,NO_MATCH,,NOT_TESTED,GFW_FISHING_VESSELS_V3_BULK_ONLY,0,taiwan_cga;amti_ccg_trackers,NOT_APPLICABLE_NO_STRONG_GFW_MATCH,Snowballing is required only for a strong/exact GFW match.,Strongest documented online query was prepared but not executed because the Vessel Search API returned HTTP 401 without an owner-supplied token; the public bulk archive cannot search this identifier type.
RV-ZSDX,RESEARCH_SURVEY,RESEARCH,YES,YES,MMSI,413263240,GFW_FISHING_VESSELS_V3_BULK,AUTH_BLOCKED_HTTP_401,,,,,,,,,,,NO_MATCH,,NO_IDENTITY_MATCH,GFW_FISHING_VESSELS_V3_BULK_ONLY,0,jiia_survey_reports,NOT_APPLICABLE_NO_STRONG_GFW_MATCH,Snowballing is required only for a strong/exact GFW match.,No exact MMSI match in the tested Fishing vessels v3 archive; this is not a global GFW no-match because online Vessel Search was token-blocked.
RV-XYH01,RESEARCH_SURVEY,RESEARCH,YES,YES,IMO,9779692,GFW_FISHING_VESSELS_V3_BULK,AUTH_BLOCKED_HTTP_401,,,,,,,,,,,NO_MATCH,,NO_IDENTITY_MATCH,GFW_FISHING_VESSELS_V3_BULK_ONLY,0,norc_shared_cruises;philippines_pcg,NOT_APPLICABLE_NO_STRONG_GFW_MATCH,Snowballing is required only for a strong/exact GFW match.,No exact MMSI match in the tested Fishing vessels v3 archive; this is not a global GFW no-match because online Vessel Search was token-blocked.
RV-XYH06,RESEARCH_SURVEY,RESEARCH,YES,YES,IMO,8875011,GFW_FISHING_VESSELS_V3_BULK,AUTH_BLOCKED_HTTP_401,,,,,,,,,,,NO_MATCH,,NO_IDENTITY_MATCH,GFW_FISHING_VESSELS_V3_BULK_ONLY,0,norc_shared_cruises,NOT_APPLICABLE_NO_STRONG_GFW_MATCH,Snowballing is required only for a strong/exact GFW match.,No exact MMSI match in the tested Fishing vessels v3 archive; this is not a global GFW no-match because online Vessel Search was token-blocked.
RV-XYH18,RESEARCH_SURVEY,RESEARCH,YES,YES,IMO,9769506,GFW_FISHING_VESSELS_V3_BULK,AUTH_BLOCKED_HTTP_401,,,,,,,,,,,NO_MATCH,,NO_IDENTITY_MATCH,GFW_FISHING_VESSELS_V3_BULK_ONLY,0,norc_shared_cruises,NOT_APPLICABLE_NO_STRONG_GFW_MATCH,Snowballing is required only for a strong/exact GFW match.,No exact MMSI match in the tested Fishing vessels v3 archive; this is not a global GFW no-match because online Vessel Search was token-blocked.
RV-XYH33,RESEARCH_SURVEY,RESEARCH,YES,YES,IMO,9364679,GFW_FISHING_VESSELS_V3_BULK,AUTH_BLOCKED_HTTP_401,,,,,,,,,,,NO_MATCH,,NO_IDENTITY_MATCH,GFW_FISHING_VESSELS_V3_BULK_ONLY,0,philippines_pcg,NOT_APPLICABLE_NO_STRONG_GFW_MATCH,Snowballing is required only for a strong/exact GFW match.,No exact MMSI match in the tested Fishing vessels v3 archive; this is not a global GFW no-match because online Vessel Search was token-blocked.
RV-XUELONG,RESEARCH_SURVEY,RESEARCH,YES,NO,NAME,Xue Long,GFW_FISHING_VESSELS_V3_BULK,AUTH_BLOCKED_HTTP_401,,,,,,,,,,,NO_MATCH,,NOT_TESTED,GFW_FISHING_VESSELS_V3_BULK_ONLY,0,pangaea_xue_long_2012;china_polar_data_center,NOT_APPLICABLE_NO_STRONG_GFW_MATCH,Snowballing is required only for a strong/exact GFW match.,Strongest documented online query was prepared but not executed because the Vessel Search API returned HTTP 401 without an owner-supplied token; the public bulk archive cannot search this identifier type.
RV-XUELONG2,RESEARCH_SURVEY,RESEARCH,YES,NO,IMO,9829241,GFW_FISHING_VESSELS_V3_BULK,AUTH_BLOCKED_HTTP_401,,,,,,,,,,,NO_MATCH,,NOT_TESTED,GFW_FISHING_VESSELS_V3_BULK_ONLY,0,china_polar_data_center,NOT_APPLICABLE_NO_STRONG_GFW_MATCH,Snowballing is required only for a strong/exact GFW match.,Strongest documented online query was prepared but not executed because the Vessel Search API returned HTTP 401 without an owner-supplied token; the public bulk archive cannot search this identifier type.
RV-DFH3,RESEARCH_SURVEY,RESEARCH,YES,NO,NAME,Dong Fang Hong 3,GFW_FISHING_VESSELS_V3_BULK,AUTH_BLOCKED_HTTP_401,,,,,,,,,,,NO_MATCH,,NOT_TESTED,GFW_FISHING_VESSELS_V3_BULK_ONLY,0,digital_south_china_sea,NOT_APPLICABLE_NO_STRONG_GFW_MATCH,Snowballing is required only for a strong/exact GFW match.,Strongest documented online query was prepared but not executed because the Vessel Search API returned HTTP 401 without an owner-supplied token; the public bulk archive cannot search this identifier type.
RV-HDZ8,RESEARCH_SURVEY,RESEARCH,YES,NO,NAME,Haiyang Dizhi 8,GFW_FISHING_VESSELS_V3_BULK,AUTH_BLOCKED_HTTP_401,,,,,,,,,,,NO_MATCH,,NOT_TESTED,GFW_FISHING_VESSELS_V3_BULK_ONLY,0,chinapower_incidents,NOT_APPLICABLE_NO_STRONG_GFW_MATCH,Snowballing is required only for a strong/exact GFW match.,Strongest documented online query was prepared but not executed because the Vessel Search API returned HTTP 401 without an owner-supplied token; the public bulk archive cannot search this identifier type.
RV-XYH03,RESEARCH_SURVEY,RESEARCH,YES,NO,NAME,Xiang Yang Hong 03,GFW_FISHING_VESSELS_V3_BULK,AUTH_BLOCKED_HTTP_401,,,,,,,,,,,NO_MATCH,,NOT_TESTED,GFW_FISHING_VESSELS_V3_BULK_ONLY,0,indonesia_bakamla,NOT_APPLICABLE_NO_STRONG_GFW_MATCH,Snowballing is required only for a strong/exact GFW match.,Strongest documented online query was prepared but not executed because the Vessel Search API returned HTTP 401 without an owner-supplied token; the public bulk archive cannot search this identifier type.
RV-YW3,RESEARCH_SURVEY,RESEARCH,YES,YES,IMO,8887935,GFW_FISHING_VESSELS_V3_BULK,AUTH_BLOCKED_HTTP_401,,,,,,,,,,,NO_MATCH,,NO_IDENTITY_MATCH,GFW_FISHING_VESSELS_V3_BULK_ONLY,0,vesselfinder,NOT_APPLICABLE_NO_STRONG_GFW_MATCH,Snowballing is required only for a strong/exact GFW match.,No exact MMSI match in the tested Fishing vessels v3 archive; this is not a global GFW no-match because online Vessel Search was token-blocked.
RV-YW5,RESEARCH_SURVEY,RESEARCH,YES,YES,IMO,9413054,GFW_FISHING_VESSELS_V3_BULK,AUTH_BLOCKED_HTTP_401,,,,,,,,,,,NO_MATCH,,NO_IDENTITY_MATCH,GFW_FISHING_VESSELS_V3_BULK_ONLY,0,vesselfinder,NOT_APPLICABLE_NO_STRONG_GFW_MATCH,Snowballing is required only for a strong/exact GFW match.,No exact MMSI match in the tested Fishing vessels v3 archive; this is not a global GFW no-match because online Vessel Search was token-blocked.
RV-YW6,RESEARCH_SURVEY,RESEARCH,YES,YES,IMO,9439527,GFW_FISHING_VESSELS_V3_BULK,AUTH_BLOCKED_HTTP_401,,,,,,,,,,,NO_MATCH,,NO_IDENTITY_MATCH,GFW_FISHING_VESSELS_V3_BULK_ONLY,0,vesselfinder,NOT_APPLICABLE_NO_STRONG_GFW_MATCH,Snowballing is required only for a strong/exact GFW match.,No exact MMSI match in the tested Fishing vessels v3 archive; this is not a global GFW no-match because online Vessel Search was token-blocked.
CCG-1306,CCG,CCG,YES,NO,OTHER,1306,GFW_FISHING_VESSELS_V3_BULK,AUTH_BLOCKED_HTTP_401,,,,,,,,,,,NO_MATCH,,NOT_TESTED,GFW_FISHING_VESSELS_V3_BULK_ONLY,0,amti_ccg_trackers;taiwan_cga;japan_jcg_senkaku;philippines_pcg,NOT_APPLICABLE_NO_STRONG_GFW_MATCH,Snowballing is required only for a strong/exact GFW match.,Strongest documented online query was prepared but not executed because the Vessel Search API returned HTTP 401 without an owner-supplied token; the public bulk archive cannot search this identifier type.
CCG-1401,CCG,CCG,YES,NO,OTHER,1401,GFW_FISHING_VESSELS_V3_BULK,AUTH_BLOCKED_HTTP_401,,,,,,,,,,,NO_MATCH,,NOT_TESTED,GFW_FISHING_VESSELS_V3_BULK_ONLY,0,amti_ccg_trackers;taiwan_cga;japan_jcg_senkaku;philippines_pcg,NOT_APPLICABLE_NO_STRONG_GFW_MATCH,Snowballing is required only for a strong/exact GFW match.,Strongest documented online query was prepared but not executed because the Vessel Search API returned HTTP 401 without an owner-supplied token; the public bulk archive cannot search this identifier type.
CCG-2305,CCG,CCG,YES,NO,OTHER,2305,GFW_FISHING_VESSELS_V3_BULK,AUTH_BLOCKED_HTTP_401,,,,,,,,,,,NO_MATCH,,NOT_TESTED,GFW_FISHING_VESSELS_V3_BULK_ONLY,0,amti_ccg_trackers;taiwan_cga;japan_jcg_senkaku;philippines_pcg,NOT_APPLICABLE_NO_STRONG_GFW_MATCH,Snowballing is required only for a strong/exact GFW match.,Strongest documented online query was prepared but not executed because the Vessel Search API returned HTTP 401 without an owner-supplied token; the public bulk archive cannot search this identifier type.
CCG-2503,CCG,CCG,YES,NO,OTHER,2503,GFW_FISHING_VESSELS_V3_BULK,AUTH_BLOCKED_HTTP_401,,,,,,,,,,,NO_MATCH,,NOT_TESTED,GFW_FISHING_VESSELS_V3_BULK_ONLY,0,amti_ccg_trackers;taiwan_cga;japan_jcg_senkaku;philippines_pcg,NOT_APPLICABLE_NO_STRONG_GFW_MATCH,Snowballing is required only for a strong/exact GFW match.,Strongest documented online query was prepared but not executed because the Vessel Search API returned HTTP 401 without an owner-supplied token; the public bulk archive cannot search this identifier type.
CCG-3102,CCG,CCG,YES,NO,OTHER,3102,GFW_FISHING_VESSELS_V3_BULK,AUTH_BLOCKED_HTTP_401,,,,,,,,,,,NO_MATCH,,NOT_TESTED,GFW_FISHING_VESSELS_V3_BULK_ONLY,0,amti_ccg_trackers;taiwan_cga;japan_jcg_senkaku;philippines_pcg,NOT_APPLICABLE_NO_STRONG_GFW_MATCH,Snowballing is required only for a strong/exact GFW match.,Strongest documented online query was prepared but not executed because the Vessel Search API returned HTTP 401 without an owner-supplied token; the public bulk archive cannot search this identifier type.
CCG-3105,CCG,CCG,YES,NO,OTHER,3105,GFW_FISHING_VESSELS_V3_BULK,AUTH_BLOCKED_HTTP_401,,,,,,,,,,,NO_MATCH,,NOT_TESTED,GFW_FISHING_VESSELS_V3_BULK_ONLY,0,amti_ccg_trackers;taiwan_cga;japan_jcg_senkaku;philippines_pcg,NOT_APPLICABLE_NO_STRONG_GFW_MATCH,Snowballing is required only for a strong/exact GFW match.,Strongest documented online query was prepared but not executed because the Vessel Search API returned HTTP 401 without an owner-supplied token; the public bulk archive cannot search this identifier type.
CCG-3107,CCG,CCG,YES,NO,OTHER,3107,GFW_FISHING_VESSELS_V3_BULK,AUTH_BLOCKED_HTTP_401,,,,,,,,,,,NO_MATCH,,NOT_TESTED,GFW_FISHING_VESSELS_V3_BULK_ONLY,0,amti_ccg_trackers;taiwan_cga;japan_jcg_senkaku;philippines_pcg,NOT_APPLICABLE_NO_STRONG_GFW_MATCH,Snowballing is required only for a strong/exact GFW match.,Strongest documented online query was prepared but not executed because the Vessel Search API returned HTTP 401 without an owner-supplied token; the public bulk archive cannot search this identifier type.
CCG-3303,CCG,CCG,YES,NO,OTHER,3303,GFW_FISHING_VESSELS_V3_BULK,AUTH_BLOCKED_HTTP_401,,,,,,,,,,,NO_MATCH,,NOT_TESTED,GFW_FISHING_VESSELS_V3_BULK_ONLY,0,amti_ccg_trackers;taiwan_cga;japan_jcg_senkaku;philippines_pcg,NOT_APPLICABLE_NO_STRONG_GFW_MATCH,Snowballing is required only for a strong/exact GFW match.,Strongest documented online query was prepared but not executed because the Vessel Search API returned HTTP 401 without an owner-supplied token; the public bulk archive cannot search this identifier type.
CCG-3304,CCG,CCG,YES,NO,OTHER,3304,GFW_FISHING_VESSELS_V3_BULK,AUTH_BLOCKED_HTTP_401,,,,,,,,,,,NO_MATCH,,NOT_TESTED,GFW_FISHING_VESSELS_V3_BULK_ONLY,0,amti_ccg_trackers;taiwan_cga;japan_jcg_senkaku;philippines_pcg,NOT_APPLICABLE_NO_STRONG_GFW_MATCH,Snowballing is required only for a strong/exact GFW match.,Strongest documented online query was prepared but not executed because the Vessel Search API returned HTTP 401 without an owner-supplied token; the public bulk archive cannot search this identifier type.
CCG-3305,CCG,CCG,YES,NO,OTHER,3305,GFW_FISHING_VESSELS_V3_BULK,AUTH_BLOCKED_HTTP_401,,,,,,,,,,,NO_MATCH,,NOT_TESTED,GFW_FISHING_VESSELS_V3_BULK_ONLY,0,amti_ccg_trackers;taiwan_cga;japan_jcg_senkaku;philippines_pcg,NOT_APPLICABLE_NO_STRONG_GFW_MATCH,Snowballing is required only for a strong/exact GFW match.,Strongest documented online query was prepared but not executed because the Vessel Search API returned HTTP 401 without an owner-supplied token; the public bulk archive cannot search this identifier type.
CCG-3308,CCG,CCG,YES,NO,OTHER,3308,GFW_FISHING_VESSELS_V3_BULK,AUTH_BLOCKED_HTTP_401,,,,,,,,,,,NO_MATCH,,NOT_TESTED,GFW_FISHING_VESSELS_V3_BULK_ONLY,0,amti_ccg_trackers;taiwan_cga;japan_jcg_senkaku;philippines_pcg,NOT_APPLICABLE_NO_STRONG_GFW_MATCH,Snowballing is required only for a strong/exact GFW match.,Strongest documented online query was prepared but not executed because the Vessel Search API returned HTTP 401 without an owner-supplied token; the public bulk archive cannot search this identifier type.
CCG-35111,CCG,CCG,YES,NO,OTHER,35111,GFW_FISHING_VESSELS_V3_BULK,AUTH_BLOCKED_HTTP_401,,,,,,,,,,,NO_MATCH,,NOT_TESTED,GFW_FISHING_VESSELS_V3_BULK_ONLY,0,amti_ccg_trackers;taiwan_cga;japan_jcg_senkaku;philippines_pcg,NOT_APPLICABLE_NO_STRONG_GFW_MATCH,Snowballing is required only for a strong/exact GFW match.,Strongest documented online query was prepared but not executed because the Vessel Search API returned HTTP 401 without an owner-supplied token; the public bulk archive cannot search this identifier type.
CCG-37111,CCG,CCG,YES,NO,OTHER,37111,GFW_FISHING_VESSELS_V3_BULK,AUTH_BLOCKED_HTTP_401,,,,,,,,,,,NO_MATCH,,NOT_TESTED,GFW_FISHING_VESSELS_V3_BULK_ONLY,0,amti_ccg_trackers;taiwan_cga;japan_jcg_senkaku;philippines_pcg,NOT_APPLICABLE_NO_STRONG_GFW_MATCH,Snowballing is required only for a strong/exact GFW match.,Strongest documented online query was prepared but not executed because the Vessel Search API returned HTTP 401 without an owner-supplied token; the public bulk archive cannot search this identifier type.
CCG-3901,CCG,CCG,YES,NO,OTHER,3901,GFW_FISHING_VESSELS_V3_BULK,AUTH_BLOCKED_HTTP_401,,,,,,,,,,,NO_MATCH,,NOT_TESTED,GFW_FISHING_VESSELS_V3_BULK_ONLY,0,amti_ccg_trackers;taiwan_cga;japan_jcg_senkaku;philippines_pcg,NOT_APPLICABLE_NO_STRONG_GFW_MATCH,Snowballing is required only for a strong/exact GFW match.,Strongest documented online query was prepared but not executed because the Vessel Search API returned HTTP 401 without an owner-supplied token; the public bulk archive cannot search this identifier type.
CCG-4203,CCG,CCG,YES,NO,OTHER,4203,GFW_FISHING_VESSELS_V3_BULK,AUTH_BLOCKED_HTTP_401,,,,,,,,,,,NO_MATCH,,NOT_TESTED,GFW_FISHING_VESSELS_V3_BULK_ONLY,0,amti_ccg_trackers;taiwan_cga;japan_jcg_senkaku;philippines_pcg,NOT_APPLICABLE_NO_STRONG_GFW_MATCH,Snowballing is required only for a strong/exact GFW match.,Strongest documented online query was prepared but not executed because the Vessel Search API returned HTTP 401 without an owner-supplied token; the public bulk archive cannot search this identifier type.
CCG-4301,CCG,CCG,YES,NO,OTHER,4301,GFW_FISHING_VESSELS_V3_BULK,AUTH_BLOCKED_HTTP_401,,,,,,,,,,,NO_MATCH,,NOT_TESTED,GFW_FISHING_VESSELS_V3_BULK_ONLY,0,amti_ccg_trackers;taiwan_cga;japan_jcg_senkaku;philippines_pcg,NOT_APPLICABLE_NO_STRONG_GFW_MATCH,Snowballing is required only for a strong/exact GFW match.,Strongest documented online query was prepared but not executed because the Vessel Search API returned HTTP 401 without an owner-supplied token; the public bulk archive cannot search this identifier type.
CCG-45111,CCG,CCG,YES,NO,OTHER,45111,GFW_FISHING_VESSELS_V3_BULK,AUTH_BLOCKED_HTTP_401,,,,,,,,,,,NO_MATCH,,NOT_TESTED,GFW_FISHING_VESSELS_V3_BULK_ONLY,0,amti_ccg_trackers;taiwan_cga;japan_jcg_senkaku;philippines_pcg,NOT_APPLICABLE_NO_STRONG_GFW_MATCH,Snowballing is required only for a strong/exact GFW match.,Strongest documented online query was prepared but not executed because the Vessel Search API returned HTTP 401 without an owner-supplied token; the public bulk archive cannot search this identifier type.
CCG-46302,CCG,CCG,YES,NO,OTHER,46302,GFW_FISHING_VESSELS_V3_BULK,AUTH_BLOCKED_HTTP_401,,,,,,,,,,,NO_MATCH,,NOT_TESTED,GFW_FISHING_VESSELS_V3_BULK_ONLY,0,amti_ccg_trackers;taiwan_cga;japan_jcg_senkaku;philippines_pcg,NOT_APPLICABLE_NO_STRONG_GFW_MATCH,Snowballing is required only for a strong/exact GFW match.,Strongest documented online query was prepared but not executed because the Vessel Search API returned HTTP 401 without an owner-supplied token; the public bulk archive cannot search this identifier type.
CCG-5202,CCG,CCG,YES,NO,OTHER,5202,GFW_FISHING_VESSELS_V3_BULK,AUTH_BLOCKED_HTTP_401,,,,,,,,,,,NO_MATCH,,NOT_TESTED,GFW_FISHING_VESSELS_V3_BULK_ONLY,0,amti_ccg_trackers;taiwan_cga;japan_jcg_senkaku;philippines_pcg,NOT_APPLICABLE_NO_STRONG_GFW_MATCH,Snowballing is required only for a strong/exact GFW match.,Strongest documented online query was prepared but not executed because the Vessel Search API returned HTTP 401 without an owner-supplied token; the public bulk archive cannot search this identifier type.
CCG-5205,CCG,CCG,YES,NO,OTHER,5205,GFW_FISHING_VESSELS_V3_BULK,AUTH_BLOCKED_HTTP_401,,,,,,,,,,,NO_MATCH,,NOT_TESTED,GFW_FISHING_VESSELS_V3_BULK_ONLY,0,amti_ccg_trackers;taiwan_cga;japan_jcg_senkaku;philippines_pcg,NOT_APPLICABLE_NO_STRONG_GFW_MATCH,Snowballing is required only for a strong/exact GFW match.,Strongest documented online query was prepared but not executed because the Vessel Search API returned HTTP 401 without an owner-supplied token; the public bulk archive cannot search this identifier type.
CCG-5303,CCG,CCG,YES,NO,OTHER,5303,GFW_FISHING_VESSELS_V3_BULK,AUTH_BLOCKED_HTTP_401,,,,,,,,,,,NO_MATCH,,NOT_TESTED,GFW_FISHING_VESSELS_V3_BULK_ONLY,0,amti_ccg_trackers;taiwan_cga;japan_jcg_senkaku;philippines_pcg,NOT_APPLICABLE_NO_STRONG_GFW_MATCH,Snowballing is required only for a strong/exact GFW match.,Strongest documented online query was prepared but not executed because the Vessel Search API returned HTTP 401 without an owner-supplied token; the public bulk archive cannot search this identifier type.
CCG-5309,CCG,CCG,YES,NO,OTHER,5309,GFW_FISHING_VESSELS_V3_BULK,AUTH_BLOCKED_HTTP_401,,,,,,,,,,,NO_MATCH,,NOT_TESTED,GFW_FISHING_VESSELS_V3_BULK_ONLY,0,amti_ccg_trackers;taiwan_cga;japan_jcg_senkaku;philippines_pcg,NOT_APPLICABLE_NO_STRONG_GFW_MATCH,Snowballing is required only for a strong/exact GFW match.,Strongest documented online query was prepared but not executed because the Vessel Search API returned HTTP 401 without an owner-supplied token; the public bulk archive cannot search this identifier type.
CCG-5402,CCG,CCG,YES,NO,OTHER,5402,GFW_FISHING_VESSELS_V3_BULK,AUTH_BLOCKED_HTTP_401,,,,,,,,,,,NO_MATCH,,NOT_TESTED,GFW_FISHING_VESSELS_V3_BULK_ONLY,0,amti_ccg_trackers;taiwan_cga;japan_jcg_senkaku;philippines_pcg,NOT_APPLICABLE_NO_STRONG_GFW_MATCH,Snowballing is required only for a strong/exact GFW match.,Strongest documented online query was prepared but not executed because the Vessel Search API returned HTTP 401 without an owner-supplied token; the public bulk archive cannot search this identifier type.
CCG-5403,CCG,CCG,YES,NO,OTHER,5403,GFW_FISHING_VESSELS_V3_BULK,AUTH_BLOCKED_HTTP_401,,,,,,,,,,,NO_MATCH,,NOT_TESTED,GFW_FISHING_VESSELS_V3_BULK_ONLY,0,amti_ccg_trackers;taiwan_cga;japan_jcg_senkaku;philippines_pcg,NOT_APPLICABLE_NO_STRONG_GFW_MATCH,Snowballing is required only for a strong/exact GFW match.,Strongest documented online query was prepared but not executed because the Vessel Search API returned HTTP 401 without an owner-supplied token; the public bulk archive cannot search this identifier type.
CCG-6307,CCG,CCG,YES,NO,OTHER,6307,GFW_FISHING_VESSELS_V3_BULK,AUTH_BLOCKED_HTTP_401,,,,,,,,,,,NO_MATCH,,NOT_TESTED,GFW_FISHING_VESSELS_V3_BULK_ONLY,0,amti_ccg_trackers;taiwan_cga;japan_jcg_senkaku;philippines_pcg,NOT_APPLICABLE_NO_STRONG_GFW_MATCH,Snowballing is required only for a strong/exact GFW match.,Strongest documented online query was prepared but not executed because the Vessel Search API returned HTTP 401 without an owner-supplied token; the public bulk archive cannot search this identifier type.
CCG-21562,CCG,CCG,YES,NO,OTHER,21562,GFW_FISHING_VESSELS_V3_BULK,AUTH_BLOCKED_HTTP_401,,,,,,,,,,,NO_MATCH,,NOT_TESTED,GFW_FISHING_VESSELS_V3_BULK_ONLY,0,amti_ccg_trackers;taiwan_cga;japan_jcg_senkaku;philippines_pcg,NOT_APPLICABLE_NO_STRONG_GFW_MATCH,Snowballing is required only for a strong/exact GFW match.,Strongest documented online query was prepared but not executed because the Vessel Search API returned HTTP 401 without an owner-supplied token; the public bulk archive cannot search this identifier type.
CCG-21563,CCG,CCG,YES,NO,OTHER,21563,GFW_FISHING_VESSELS_V3_BULK,AUTH_BLOCKED_HTTP_401,,,,,,,,,,,NO_MATCH,,NOT_TESTED,GFW_FISHING_VESSELS_V3_BULK_ONLY,0,amti_ccg_trackers;taiwan_cga;japan_jcg_senkaku;philippines_pcg,NOT_APPLICABLE_NO_STRONG_GFW_MATCH,Snowballing is required only for a strong/exact GFW match.,Strongest documented online query was prepared but not executed because the Vessel Search API returned HTTP 401 without an owner-supplied token; the public bulk archive cannot search this identifier type.
